Date,Ticker,Type,Quantity,Price per share,Total Amount,Currency,FX Rate
2024-06-20T04:19:46.742400Z,,CASH TOP-UP,,,EUR 18,EUR,0.2016
2024-06-20T04:27:04.934422Z,,CASH WITHDRAWAL,,,EUR -18,EUR,0.2016
2024-07-10T04:32:07.125289Z,,CASH TOP-UP,,,EUR 50,EUR,0.2017
2024-07-10T06:01:11.379Z,LHA,BUY - MARKET,8.50340136,EUR 5.88,EUR 50,EUR,0.2017
2024-07-10T09:45:54.354958Z,,CASH TOP-UP,,,EUR 191.99,EUR,0.2017
2024-07-10T09:49:49.848Z,LHA,BUY - MARKET,31.99162479,EUR 5.97,EUR 191.99,EUR,0.2017
2024-07-11T13:46:26.653645Z,,CASH TOP-UP,,,EUR 23.50,EUR,0.2017
2024-07-11T13:49:10.746Z,LHA,BUY - MARKET,4.05032747,EUR 5.80,EUR 23.50,EUR,0.2017
2024-07-12T06:26:57.192401Z,,CASH TOP-UP,,,EUR 15,EUR,0.2017
2024-07-12T06:26:58.548Z,LHA,BUY - MARKET,2.57201646,EUR 5.83,EUR 15,EUR,0.2017
2024-07-12T08:04:17.259338Z,,CASH TOP-UP,,,EUR 25,EUR,0.2017
2024-07-12T08:04:36.445Z,LHA,BUY - MARKET,4.28816466,EUR 5.83,EUR 25,EUR,0.2017
2024-07-12T10:29:27.582093Z,,CASH TOP-UP,,,EUR 35,EUR,0.2017
2024-07-12T10:29:29.094Z,LHA,BUY - MARKET,6.20347394,EUR 5.64,EUR 35,EUR,0.2017
2024-07-12T12:45:33.520655Z,,CASH TOP-UP,,,EUR 40,EUR,0.2017
2024-07-12T12:45:34.852Z,LHA,BUY - MARKET,7.07463742,EUR 5.65,EUR 40,EUR,0.2017
2024-07-16T12:57:15.254127Z,,CASH TOP-UP,,,EUR 99.99,EUR,0.2020
2024-07-16T12:57:16.637Z,LHA,BUY - MARKET,17.5950942,EUR 5.63,EUR 99.99,EUR,0.2020
2024-07-22T06:56:32.513971Z,,CASH TOP-UP,,,EUR 67.99,EUR,0.2018
2024-07-22T07:00:38.793Z,AFR0,BUY - MARKET,8.22739591,EUR 8.12,EUR 67.99,EUR,0.2018
2024-07-22T09:26:23.194183Z,,CASH TOP-UP,,,USD 100.99,USD,0.2198
2024-07-22T09:26:59.236113Z,,CASH TOP-UP,,,EUR 69.99,EUR,0.2018
2024-07-22T09:27:00.617Z,AFR0,BUY - MARKET,8.527151,EUR 8.07,EUR 69.99,EUR,0.2018
2024-07-22T10:14:04.244566Z,,CASH WITHDRAWAL,,,USD -100.99,USD,0.2197
2024-07-22T10:14:47.096812Z,,CASH TOP-UP,,,EUR 49.99,EUR,0.2018
2024-07-22T11:00:56.874Z,AFR0,BUY - MARKET,6.05654761,EUR 8.06,EUR 49.99,EUR,0.2018
2024-07-22T13:40:41.562947Z,,CASH TOP-UP,,,EUR 41.99,EUR,0.2018
2024-07-22T13:56:50.161Z,AFR0,BUY - MARKET,5.09220034,EUR 8.03,EUR 41.99,EUR,0.2018
2024-07-23T14:07:43.572062Z,,CASH TOP-UP,,,EUR 40.99,EUR,0.2017
2024-07-23T14:07:45.215Z,AFR0,BUY - MARKET,5.05067139,EUR 7.89,EUR 40.99,EUR,0.2017
2024-08-01T06:31:53.104299Z,,CASH TOP-UP,,,USD 510,USD,0.2181
2024-08-01T08:28:02.609005Z,,CASH TOP-UP,,,EUR 450,EUR,0.2017
2024-08-01T08:28:04.102Z,OMV,BUY - MARKET,11.6109674,EUR 38.66,EUR 450,EUR,0.2017
2024-08-01T08:28:49.474692Z,,CASH TOP-UP,,,EUR 81.89,EUR,0.2017
2024-08-01T08:28:50.899Z,AFR0,BUY - MARKET,10.02112326,EUR 8.05,EUR 81.89,EUR,0.2017
2024-08-01T08:29:13.446258Z,,CASH TOP-UP,,,USD 600,USD,0.2175
2024-08-01T09:02:30.409193Z,,CASH TOP-UP,,,EUR 199.99,EUR,0.2017
2024-08-01T09:02:31.858Z,BNP,BUY - MARKET,3.20293832,EUR 61.94,EUR 199.99,EUR,0.2017
2024-08-01T09:02:46.736558Z,,CASH TOP-UP,,,EUR 199.99,EUR,0.2017
2024-08-01T09:02:48.050Z,VVD,BUY - MARKET,7.02763018,EUR 28.23,EUR 199.99,EUR,0.2017
2024-08-01T12:14:36.523325Z,,CASH TOP-UP,,,EUR 79.99,EUR,0.2017
2024-08-01T12:14:41.598Z,OMV,BUY - MARKET,2.05810317,EUR 38.38,EUR 79.99,EUR,0.2017
2024-08-01T13:30:03.820Z,DAL,BUY - MARKET,11.74353647,USD 43.32,USD 510,USD,0.2176
2024-08-01T13:30:05.815Z,UAL,BUY - MARKET,13.07910839,USD 45.76,USD 600,USD,0.2176
2024-08-01T14:38:54.549795Z,,CASH TOP-UP,,,USD 129.99,USD,0.2178
2024-08-01T14:38:55.546Z,DAL,BUY - MARKET,3.05935011,USD 42.14,USD 129.99,USD,0.2178
2024-08-01T17:39:44.364339Z,,CASH TOP-UP,,,USD 209.99,USD,0.2175
2024-08-01T17:39:45.422Z,DAL,BUY - MARKET,5.04019416,USD 41.45,USD 209.99,USD,0.2175
2024-08-01T17:40:01.843604Z,,CASH TOP-UP,,,USD 130.99,USD,0.2175
2024-08-01T17:40:02.659Z,UAL,BUY - MARKET,3.01852333,USD 43.04,USD 130.99,USD,0.2175
2024-08-02T11:20:05.255354Z,,CASH TOP-UP,,,EUR 299.99,EUR,0.2017
2024-08-02T11:22:18.376705Z,,CASH TOP-UP,,,EUR 174.99,EUR,0.2017
2024-08-02T11:23:38.070Z,RNL,BUY - MARKET,7.07403891,EUR 42.14,EUR 299.99,EUR,0.2017
2024-08-02T11:24:04.113Z,BNP,BUY - MARKET,2.89841269,EUR 59.85,EUR 174.99,EUR,0.2017
2024-08-09T18:47:22.913797Z,,CASH TOP-UP,,,EUR 59.99,EUR,0.2016
2024-08-09T18:47:24.780Z,LHA,BUY - MARKET,10,EUR 5.64,EUR 57.44,EUR,0.2016
2024-08-09T18:47:53.558048Z,,CASH TOP-UP,,,EUR 39.99,EUR,0.2016
2024-08-09T18:47:54.670Z,AFR0,BUY - MARKET,5.02456049,EUR 7.74,EUR 39.99,EUR,0.2016
2024-08-12T09:43:19.721764Z,,CASH TOP-UP,,,EUR 56.80,EUR,0.2016
2024-08-12T09:43:23.700Z,AFR0,BUY - MARKET,7,EUR 7.71,EUR 54.10,EUR,0.2016
2024-08-13T07:43:50.637831Z,,CASH TOP-UP,,,EUR 40.79,EUR,0.2016
2024-08-13T07:43:52.297Z,AFR0,BUY - MARKET,5.1,EUR 7.59,EUR 38.85,EUR,0.2016
2024-08-15T18:12:29.512127Z,,CASH TOP-UP,,,EUR 47.08,EUR,0.2017
2024-08-15T18:12:30.951Z,LHA,BUY - MARKET,8,EUR 5.62,EUR 44.94,EUR,0.2017
2024-08-19T06:04:15.949966Z,,CASH TOP-UP,,,EUR 54.08,EUR,0.2017
2024-08-19T07:13:49.226Z,VAR1,BUY - MARKET,15.71428571,EUR 0.84,EUR 13.20,EUR,0.2017
2024-08-19T07:26:50.501Z,VAR1,BUY - MARKET,13.02,EUR 1.92,EUR 25,EUR,0.2016
2024-08-19T07:39:21.255Z,VAR1,BUY - MARKET,13.23127392,EUR 1.83,EUR 25.20,EUR,0.2016
2024-09-04T13:51:31.527394Z,,CASH TOP-UP,,,USD 50.20,USD,0.2227
2024-09-04T16:03:55.338Z,INTC,BUY - MARKET,2.50792028,USD 19.57,USD 50.19,USD,0.2233
2024-09-06T14:57:21.048942Z,,CASH TOP-UP,,,EUR 79.88,EUR,0.2016
2024-09-06T14:59:11.231Z,OMV,BUY - MARKET,2,EUR 37.84,EUR 76.68,EUR,0.2016
2024-09-10T19:23:01.001247Z,,CASH TOP-UP,,,USD 110.75,USD,0.2221
2024-09-10T19:23:01.427Z,CIVI,BUY - MARKET,2,USD 52.75,USD 105.50,USD,0.2221
2024-09-11T14:35:11.570246Z,,CASH TOP-UP,,,EUR 76.94,EUR,0.2016
2024-09-11T14:35:18.571Z,OMV,BUY - MARKET,2,EUR 36.68,EUR 73.36,EUR,0.2016
2024-09-11T16:27:53.067Z,LHA,BUY - MARKET,1.15751789,EUR 5.87,EUR 6.79,EUR,0.2016
2024-09-12T12:25:12.593587Z,,CASH TOP-UP,,,EUR 33.79,EUR,0.2015
2024-09-12T12:25:14.166Z,NJB,BUY - MARKET,8,EUR 4.03,EUR 32.27,EUR,0.2015
2024-09-12T13:12:12.443597Z,,CASH TOP-UP,,,EUR 88.46,EUR,0.2015
2024-09-12T13:12:13.886Z,OMV,BUY - MARKET,2.3,EUR 36.64,EUR 84.27,EUR,0.2015
2024-09-20T10:30:00.201122Z,,CASH TOP-UP,,,USD 36.76,USD,0.2247
2024-09-20T17:50:10.111Z,RIOT,BUY - MARKET,5.78217821,USD 7.07,USD 41.99,USD,0.2248
2024-09-27T08:04:34.887441Z,CIVI,DIVIDEND,,,USD 2.74,USD,0.2241
2024-10-01T16:35:22.693506Z,,CASH TOP-UP,,,USD 40,USD,0.2229
2024-10-01T16:35:23.534Z,AILEQ,BUY - MARKET,25.09677419,USD 1.55,USD 40,USD,0.2229
2024-10-02T14:38:16.581Z,VAR1,SELL - MARKET,40.64049586,EUR 1.45,EUR 58.01,EUR,0.2015
2024-10-02T15:08:49.946Z,RNL,BUY - MARKET,1.6876024,EUR 36.62,EUR 62.99,EUR,0.2015
2024-10-09T07:13:27.682783Z,,CASH TOP-UP,,,EUR 47.18,EUR,0.2014
2024-10-09T13:30:31.510Z,VAR1,BUY - MARKET,17.09104046,EUR 2.74,EUR 47.90,EUR,0.2015
2024-10-10T07:29:38.419Z,VAR1,SELL - MARKET,18.41,EUR 4.81,EUR 87.55,EUR,0.2015
2024-10-10T09:50:18.249360Z,,CASH TOP-UP,,,EUR 13,EUR,0.2015
2024-10-11T07:54:45.029Z,RWE,BUY - MARKET,2,EUR 31.50,EUR 63,EUR,0.2015
2024-10-11T07:55:27.120Z,AFR0,BUY - MARKET,4,EUR 8.44,EUR 33.86,EUR,0.2015
2024-10-11T08:00:23.593472Z,,CASH TOP-UP,,,EUR 60,EUR,0.2015
2024-10-11T08:01:59.270Z,LHA,BUY - MARKET,7.4,EUR 6.46,EUR 47.77,EUR,0.2015
2024-10-11T09:21:25.278Z,NJB,BUY - MARKET,3,EUR 4.25,EUR 12.76,EUR,0.2015
2024-10-11T09:23:06.008425Z,,CASH TOP-UP,,,USD 40,USD,0.2204
2024-10-11T10:40:42.610805Z,,CASH TOP-UP,,,USD 7.92,USD,0.2202
2024-10-11T14:19:37.921Z,RIOT,BUY - MARKET,4.22,USD 8.10,USD 34.18,USD,0.2204
2024-10-11T14:20:36.164Z,AILEQ,BUY - MARKET,12.336,USD 1.25,USD 16.51,USD,0.2204
2024-10-14T17:42:55.419424Z,,CASH TOP-UP,,,USD 20,USD,0.2195
2024-10-14T17:43:32.037Z,RIOT,BUY - MARKET,2,USD 8.57,USD 17.14,USD,0.2195
2024-10-14T17:44:28.555Z,AILEQ,BUY - MARKET,1.6,USD 1.63,USD 2.61,USD,0.2196
2024-10-14T17:47:12.223Z,OMV,BUY - MARKET,0.05099439,EUR 39.22,EUR 2,EUR,0.2015
2024-10-14T17:48:44.576Z,LHA,BUY - MARKET,0.18117064,EUR 6.46,EUR 1.17,EUR,0.2015
2024-10-17T15:29:49.803645Z,,CASH TOP-UP,,,EUR 35.74,EUR,0.2015
2024-10-17T15:29:51.151Z,LHA,BUY - MARKET,5,EUR 6.81,EUR 34.05,EUR,0.2015
2024-10-17T15:31:48.018121Z,,CASH TOP-UP,,,EUR 38.49,EUR,0.2015
2024-10-17T15:32:14.119073Z,,CASH TOP-UP,,,USD 19.22,USD,0.2183
2024-10-17T15:32:14.484Z,RIOT,BUY - MARKET,2,USD 9.17,USD 18.34,USD,0.2183
2024-10-17T15:35:32.451Z,AFR0,BUY - MARKET,4,EUR 9.10,EUR 36.52,EUR,0.2015
2024-10-17T16:49:29.171851Z,,CASH TOP-UP,,,USD 6,USD,0.2180
2024-10-17T16:49:45.266Z,AILEQ,BUY - MARKET,4,USD 1.63,USD 6.52,USD,0.2180
2024-10-29T17:03:55.721065Z,,CASH TOP-UP,,,EUR 95.57,EUR,0.2014
2024-10-29T17:03:57.352Z,RWE,BUY - MARKET,3,EUR 30.34,EUR 91.02,EUR,0.2014
2024-10-29T17:05:20.075835Z,,CASH TOP-UP,,,EUR 223.50,EUR,0.2014
2024-10-29T17:05:21.748Z,AFR0,BUY - MARKET,22.91,EUR 9.29,EUR 213.38,EUR,0.2014
2024-10-31T09:31:52.087935Z,,CASH TOP-UP,,,EUR 400,EUR,0.2014
2024-10-31T09:55:44.828Z,RWE,BUY - MARKET,5,EUR 29.86,EUR 150.30,EUR,0.2014
2024-10-31T09:58:15.875Z,BNP,BUY - MARKET,3.9,EUR 61.89,EUR 243.09,EUR,0.2014
2024-10-31T18:13:56.186286Z,,CASH TOP-UP,,,EUR 350,EUR,0.2014
2024-10-31T18:15:13.418497Z,,CASH TOP-UP,,,USD 220,USD,0.2189
2024-10-31T18:15:51.369Z,CIVI,BUY - MARKET,2,USD 48.68,USD 98.45,USD,0.2189
2024-10-31T18:16:12.451Z,RIOT,BUY - MARKET,10,USD 9.22,USD 93.28,USD,0.2189
2024-10-31T18:16:51.819Z,AFR0,BUY - MARKET,10,EUR 9.05,EUR 91.77,EUR,0.2014
2024-10-31T18:18:36.333Z,QSV,BUY - MARKET,8,EUR 29.61,EUR 238.59,EUR,0.2014
2024-11-01T11:24:57.060537Z,DAL,DIVIDEND,,,USD 2.67,USD,0.2187
2024-11-05T17:35:43.491Z,UAL,SELL - MARKET,6,USD 79,USD 472.77,USD,0.2200
2024-11-05T19:48:38.915Z,SMCI,BUY - MARKET,12,USD 27.31,USD 328.79,USD,0.2202
2024-11-05T20:00:42.773141Z,,CASH TOP-UP,,,USD 2.65,USD,0.2201
2024-11-05T20:00:48.065Z,BG,BUY - MARKET,2,USD 84.32,USD 169.75,USD,0.2201
2024-11-07T20:56:01.630Z,UAL,SELL - STOP,10.0976,USD 85.48,USD 860.95,USD,0.2173
2024-11-08T09:39:29.949476Z,,CASH TOP-UP,,,EUR 50,EUR,0.2013
2024-11-11T16:55:00.958Z,RWE,BUY - MARKET,2,EUR 30.71,EUR 61.42,EUR,0.2013
2024-11-11T16:57:07.159582Z,,CASH TOP-UP,,,EUR 10,EUR,0.2013
2024-11-11T16:58:04.113Z,OMV,BUY - MARKET,1,EUR 38.02,EUR 38.02,EUR,0.2013
2024-11-11T17:03:47.703Z,CIVI,BUY - MARKET,2,USD 52.04,USD 104.07,USD,0.2144
2024-11-11T17:05:30.458Z,AILEQ,BUY - MARKET,50,USD 1.53,USD 76.47,USD,0.2145
2024-11-11T17:07:07.874Z,BG,BUY - MARKET,4,USD 88.14,USD 352.58,USD,0.2145
2024-11-14T15:13:39.547Z,SMCI,BUY - MARKET,2,USD 19.07,USD 38.14,USD,0.2127
2024-11-14T15:14:27.976Z,AAL,BUY - MARKET,14,USD 14.42,USD 201.86,USD,0.2126
2024-11-14T15:14:58.660Z,RIOT,BUY - MARKET,5,USD 12.52,USD 62.59,USD,0.2126
2024-11-14T15:15:23.381Z,AILEQ,BUY - MARKET,20,USD 1.56,USD 31.10,USD,0.2126
2024-11-14T19:11:48.242205Z,,CASH TOP-UP,,,EUR 10.40,EUR,0.2013
2024-11-14T19:11:49.774Z,RNL,BUY - MARKET,0.24,EUR 41.17,EUR 9.91,EUR,0.2013
2024-11-18T05:09:20.040181Z,,CASH TOP-UP,,,EUR 80,EUR,0.2013
2024-11-18T09:58:54.602Z,OMV,BUY - MARKET,2,EUR 38.74,EUR 78.48,EUR,0.2013
2024-11-18T16:46:56.353857Z,,CASH TOP-UP,,,USD 30,USD,0.2128
2024-11-18T16:47:20.622Z,AILEQ,BUY - MARKET,25,USD 0.91,USD 23.79,USD,0.2128
2024-11-19T19:49:55.204661Z,,CASH TOP-UP,,,USD 119.21,USD,0.2132
2024-11-19T19:49:55.599Z,SMCI,BUY - MARKET,4,USD 28.10,USD 113.46,USD,0.2132
2024-11-21T15:57:14.785866Z,,CASH TOP-UP,,,EUR 79.66,EUR,0.2013
2024-11-21T15:57:16.614Z,AFR0,BUY - MARKET,10,EUR 7.47,EUR 75.94,EUR,0.2013
2024-11-21T16:04:50.626092Z,,CASH TOP-UP,,,USD 63.14,USD,0.2116
2024-11-21T16:04:50.977Z,RIOT,BUY - MARKET,5,USD 11.83,USD 60.19,USD,0.2116
2024-12-03T16:17:35.368275Z,BG,DIVIDEND,,,USD 4.08,USD,0.2115
2024-12-11T17:05:36.672Z,INTC,BUY - MARKET,1,USD 20.05,USD 20.05,USD,0.2120
2024-12-11T17:07:11.306Z,AFR0,BUY - MARKET,1,EUR 7.69,EUR 7.71,EUR,0.2017
2024-12-11T17:07:34.875Z,AILEQ,BUY - MARKET,1,USD 1.04,USD 1.04,USD,0.2119
2024-12-19T15:51:23.422095Z,,CASH TOP-UP,,,USD 20.08,USD,0.2090
2024-12-19T15:51:24.169Z,DAL,BUY - MARKET,0.32,USD 59.72,USD 19.11,USD,0.2090
2024-12-20T14:42:19.333335Z,,CASH TOP-UP,,,USD 45.26,USD,0.2092
2024-12-20T14:42:19.693Z,CIVI,BUY - MARKET,1,USD 43.17,USD 43.17,USD,0.2092
2024-12-20T14:43:06.020121Z,,CASH TOP-UP,,,USD 30.43,USD,0.2092
2024-12-20T14:43:06.831Z,INTC,BUY - MARKET,1.5,USD 19.31,USD 28.97,USD,0.2092
2024-12-20T15:54:26.298755Z,,CASH TOP-UP,,,USD 23.89,USD,0.2092
2024-12-20T15:54:26.699Z,RIOT,BUY - MARKET,2,USD 11.38,USD 22.76,USD,0.2092
2024-12-23T14:53:45.012Z,AILEQ,BUY - MARKET,16.73333333,USD 0.30,USD 5,USD,0.2093
2024-12-23T18:49:33.672Z,AILEQ,BUY - MARKET,4.54545454,USD 0.22,USD 1,USD,0.2095
2024-12-27T15:01:31.343876Z,,CASH TOP-UP,,,EUR 29.92,EUR,0.2015
2024-12-27T15:01:33.612Z,RWE,BUY - MARKET,1,EUR 28.49,EUR 28.49,EUR,0.2015
2024-12-27T15:06:11.880909Z,,CASH TOP-UP,,,EUR 28.34,EUR,0.2015
2024-12-27T15:06:14.008Z,VVD,BUY - MARKET,1,EUR 26.92,EUR 27,EUR,0.2015
2024-12-30T10:19:56.556294Z,CIVI,DIVIDEND,,,USD 2.70,USD,0.2102
2025-01-06T09:43:50.539981Z,,CASH TOP-UP,,,EUR 0.27,EUR,0.2014
2025-01-06T09:47:24.251Z,LHA,BUY - MARKET,1.0501355,EUR 5.90,EUR 6.20,EUR,0.2014
2025-01-13T13:58:16.585677Z,,CASH TOP-UP,,,EUR 17.61,EUR,0.2014
2025-01-13T13:58:22.655Z,LHA,BUY - MARKET,3,EUR 5.59,EUR 16.78,EUR,0.2014
2025-01-16T08:41:31.192967Z,,CASH TOP-UP,,,EUR 27.30,EUR,0.2014
2025-01-16T08:41:32.171Z,VVD,BUY - MARKET,0.98,EUR 26.45,EUR 26,EUR,0.2014
2025-01-27T19:14:38.138744Z,,CASH TOP-UP,,,USD 82.27,USD,0.2111
2025-01-27T19:14:38.641Z,BG,BUY - MARKET,1,USD 78.40,USD 78.40,USD,0.2111
2025-01-27T19:15:45.138275Z,,CASH TOP-UP,,,EUR 52.99,EUR,0.2014
2025-01-27T19:15:47.823Z,LHA,BUY - MARKET,8,EUR 6.31,EUR 50.46,EUR,0.2014
2025-01-27T19:35:33.575373Z,,CASH TOP-UP,,,EUR 150.60,EUR,0.2014
2025-01-27T19:35:36.484Z,RWE,BUY - MARKET,5,EUR 28.73,EUR 143.65,EUR,0.2014
2025-01-27T19:36:20.834782Z,,CASH TOP-UP,,,USD 47.21,USD,0.2112
2025-01-27T19:36:21.188Z,RIOT,BUY - MARKET,4,USD 11.25,USD 45,USD,0.2112
2025-01-28T09:23:00.340203Z,,CASH TOP-UP,,,EUR 28.85,EUR,0.2014
2025-01-28T09:23:04.224Z,VVD,BUY - MARKET,1,EUR 27.40,EUR 27.48,EUR,0.2014
2025-01-28T10:05:23.073Z,AFR0,BUY - MARKET,1,EUR 7.87,EUR 7.89,EUR,0.2014
2025-01-28T16:48:30.693708Z,,CASH TOP-UP,,,USD 11.48,USD,0.2099
2025-01-28T16:48:31.062Z,RIOT,BUY - MARKET,1,USD 10.94,USD 10.94,USD,0.2099
2025-01-30T08:03:29.965496Z,,CASH TOP-UP,,,EUR 40.86,EUR,0.2013
2025-01-30T08:03:33.342Z,OMV,BUY - MARKET,1,EUR 38.92,EUR 38.92,EUR,0.2013
2025-01-30T08:03:58.469402Z,,CASH TOP-UP,,,EUR 30.82,EUR,0.2013
2025-01-30T08:04:00.985Z,RWE,BUY - MARKET,1,EUR 29.35,EUR 29.35,EUR,0.2013
2025-02-10T07:07:26.880972Z,,CASH TOP-UP,,,EUR 35,EUR,0.2013
2025-02-10T07:07:38.324191Z,,CASH TOP-UP,,,USD 25,USD,0.2078
2025-02-14T10:18:55.664Z,QSV,BUY - MARKET,1,EUR 33.46,EUR 33.56,EUR,0.2013
2025-02-14T10:26:10.593284Z,,CASH TOP-UP,,,EUR 20,EUR,0.2013
2025-02-14T10:26:25.362Z,VVD,BUY - MARKET,1,EUR 27.62,EUR 27.70,EUR,0.2013
2025-02-14T16:13:52.220650Z,,CASH TOP-UP,,,USD 42,USD,0.2114
2025-02-14T16:14:08.991Z,BG,BUY - MARKET,1,USD 70.12,USD 70.12,USD,0.2114
2025-02-18T15:17:15.288920Z,,CASH TOP-UP,,,USD 85,USD,0.2105
2025-02-18T15:23:20.377Z,RIOT,BUY - MARKET,4,USD 11.88,USD 47.54,USD,0.2104
2025-02-18T15:27:43.418Z,RUN,BUY - MARKET,3,USD 8.94,USD 26.82,USD,0.2104
2025-02-18T15:28:25.446641Z,,CASH TOP-UP,,,USD 0.10,USD,0.2104
2025-02-18T15:28:29.732Z,AAL,BUY - MARKET,1,USD 16.16,USD 16.16,USD,0.2104
2025-02-18T19:39:34.852176Z,,CASH TOP-UP,,,USD 90,USD,0.2103
2025-02-18T19:40:23.405Z,BTDR,BUY - MARKET,5,USD 15.18,USD 75.90,USD,0.2103
2025-02-18T19:40:37.985Z,RIOT,BUY - MARKET,1,USD 11.48,USD 11.48,USD,0.2103
2025-02-20T15:05:46.087138Z,,CASH TOP-UP,,,USD 14.92,USD,0.2103
2025-02-20T15:05:46.424Z,BTDR,BUY - MARKET,1,USD 14.27,USD 14.27,USD,0.2103
2025-02-20T15:06:14.577058Z,,CASH TOP-UP,,,USD 26.23,USD,0.2103
2025-02-20T15:06:14.894Z,INTC,BUY - MARKET,1,USD 24.99,USD 24.99,USD,0.2103
2025-02-21T18:39:26.852367Z,,CASH TOP-UP,,,USD 35.22,USD,0.2104
2025-02-21T18:39:27.215Z,RIOT,BUY - MARKET,3,USD 10.85,USD 33.60,USD,0.2104
2025-02-25T15:53:20.226629Z,,CASH TOP-UP,,,USD 57.94,USD,0.2114
2025-02-25T15:53:20.556Z,RIOT,BUY - MARKET,6,USD 9.04,USD 55.28,USD,0.2114
2025-02-27T16:07:05.759457Z,,CASH TOP-UP,,,USD 52,USD,0.2095
2025-02-27T18:04:40.194Z,BTDR,BUY - MARKET,4,USD 11.49,USD 46.99,USD,0.2096
2025-02-27T18:36:36.418Z,DAL,SELL - MARKET,2,USD 60.82,USD 120.59,USD,0.2096
2025-02-27T18:43:00.533Z,SMCI,BUY - MARKET,2,USD 44.98,USD 91,USD,0.2096
2025-02-27T18:47:59.792Z,RIOT,BUY - MARKET,4,USD 9.32,USD 38.32,USD,0.2096
2025-02-28T14:31:58.403Z,SMCI,SELL - MARKET,10,USD 38.97,USD 388.60,USD,0.2095
2025-02-28T14:54:14.455Z,RIOT,BUY - MARKET,10,USD 8.85,USD 89.53,USD,0.2095
2025-02-28T14:54:42.244Z,BTDR,BUY - MARKET,10,USD 11,USD 111,USD,0.2095
2025-02-28T14:55:45.220Z,DAL,BUY - MARKET,1.84,USD 60.21,USD 111.83,USD,0.2095
2025-02-28T14:57:52.146Z,CIVI,BUY - MARKET,2,USD 38.29,USD 77.62,USD,0.2095
2025-03-05T08:49:54.043372Z,BG,DIVIDEND,,,USD 5.44,USD,0.2152
2025-03-10T05:30:42.952650Z,,CASH TOP-UP,,,USD 31.48,USD,0.2181
2025-03-12T20:38:32.840236Z,,CASH TOP-UP,,,USD 39,USD,0.2191
2025-03-14T14:07:07.664Z,RUN,BUY - MARKET,2,USD 6.47,USD 12.94,USD,0.2190
2025-03-14T14:07:45.521Z,CIVI,BUY - MARKET,1,USD 32.90,USD 32.90,USD,0.2190
2025-03-14T14:11:34.232587Z,,CASH TOP-UP,,,USD 17,USD,0.2191
2025-03-14T14:48:00.451Z,BTDR,BUY - MARKET,1,USD 10,USD 10,USD,0.2190
2025-03-14T14:48:21.113Z,AAL,BUY - MARKET,1,USD 10.68,USD 10.68,USD,0.2190
2025-03-14T14:48:42.416Z,RIOT,BUY - MARKET,1,USD 7.58,USD 7.58,USD,0.2190
2025-03-14T14:52:34.815057Z,,CASH TOP-UP,,,USD 1,USD,0.2190
2025-03-14T14:53:36.517050Z,,CASH TOP-UP,,,USD 0.60,USD,0.2189
2025-03-14T14:53:47.624Z,INTC,BUY - MARKET,1,USD 23.83,USD 23.83,USD,0.2189
2025-03-14T18:39:36.398967Z,,CASH TOP-UP,,,EUR 5,EUR,0.2013
2025-03-14T18:40:41.427145Z,,CASH TOP-UP,,,EUR 1,EUR,0.2013
2025-03-14T18:41:07.592Z,LHA,BUY - MARKET,0.94,EUR 7.59,EUR 7.13,EUR,0.2013
2025-03-17T19:37:06.131842Z,,CASH TOP-UP,,,USD 44,USD,0.2198
2025-03-17T19:37:25.073851Z,,CASH TOP-UP,,,EUR 10,EUR,0.2012
2025-03-18T12:05:31.964981Z,,CASH TOP-UP,,,EUR 25,EUR,0.2012
2025-03-18T14:56:38.577Z,BTDR,BUY - MARKET,1,USD 9.48,USD 9.48,USD,0.2196
2025-03-18T14:57:15.493Z,RIOT,BUY - MARKET,2,USD 7.74,USD 15.48,USD,0.2196
2025-03-18T14:58:10.663Z,LHA,BUY - MARKET,3,EUR 7.80,EUR 23.41,EUR,0.2012
2025-03-18T15:01:44.857483Z,,CASH WITHDRAWAL,,,EUR -12.70,EUR,0.2012
2025-03-21T10:54:44.469223Z,,CASH TOP-UP,,,EUR 60,EUR,0.2013
2025-03-21T11:00:33.139573Z,,CASH TOP-UP,,,EUR 1,EUR,0.2013
2025-03-21T11:00:53.054Z,1WE,BUY - MARKET,2,EUR 28.76,EUR 57.76,EUR,0.2013
2025-03-21T13:33:21.577154Z,DAL,DIVIDEND,,,USD 2.72,USD,0.2180
2025-03-21T14:10:36.051Z,AVPT,BUY - MARKET,1,USD 14.96,USD 14.98,USD,0.2180
2025-03-21T14:10:58.021Z,RUN,BUY - MARKET,1,USD 6.39,USD 6.40,USD,0.2180
2025-03-25T19:57:03.710318Z,,CASH TOP-UP,,,EUR 63.05,EUR,0.2013
2025-03-25T19:57:06.082Z,1WE,BUY - MARKET,2,EUR 30,EUR 60.25,EUR,0.2013
2025-03-25T19:58:37.300208Z,,CASH TOP-UP,,,EUR 36.95,EUR,0.2013
2025-03-26T07:45:20.446Z,PUM,BUY - MARKET,1,EUR 24.37,EUR 24.40,EUR,0.2013
2025-03-26T07:47:13.868Z,LHA,BUY - MARKET,2,EUR 7.54,EUR 15.10,EUR,0.2013
2025-03-31T12:37:08.369064Z,,CASH TOP-UP,,,EUR 105,EUR,0.2016
2025-03-31T12:37:42.187Z,PUM,BUY - MARKET,1,EUR 22.25,EUR 22.28,EUR,0.2016
2025-03-31T12:37:55.406Z,1WE,BUY - MARKET,1,EUR 28.90,EUR 29.02,EUR,0.2016
2025-03-31T12:38:14.056Z,QSV,BUY - MARKET,1,EUR 30.29,EUR 30.42,EUR,0.2016
2025-03-31T12:54:38.938Z,LHA,BUY - MARKET,2,EUR 6.67,EUR 13.36,EUR,0.2015
2025-03-31T12:54:56.043Z,AFR0,BUY - MARKET,1,EUR 8.65,EUR 8.69,EUR,0.2015
2025-03-31T13:57:21.453706Z,,CASH TOP-UP,,,USD 220,USD,0.2178
2025-03-31T14:00:41.346Z,CLS,BUY - MARKET,1,USD 77.25,USD 77.34,USD,0.2175
2025-03-31T14:01:15.881Z,RIOT,BUY - MARKET,3,USD 7.14,USD 21.45,USD,0.2175
2025-03-31T14:01:37.724Z,DELL,BUY - MARKET,1,USD 89.50,USD 89.61,USD,0.2175
2025-03-31T14:02:09.382Z,AVPT,BUY - MARKET,1,USD 14.25,USD 14.27,USD,0.2174
2025-03-31T14:02:34.431Z,AAL,BUY - MARKET,1,USD 10.28,USD 10.29,USD,0.2174
2025-03-31T14:04:06.021320Z,,CASH TOP-UP,,,USD 1,USD,0.2173
2025-03-31T14:04:42.625Z,BTDR,BUY - MARKET,1,USD 8.71,USD 8.72,USD,0.2174
2025-03-31T16:50:54.645942Z,CIVI,DIVIDEND,,,USD 4.05,USD,0.2178
2025-04-01T18:37:11.199852Z,,CASH TOP-UP,,,USD 15,USD,0.2174
2025-04-01T18:37:29.968Z,RUN,BUY - MARKET,1,USD 6.48,USD 6.49,USD,0.2173
2025-04-01T18:39:00.288Z,BTDR,BUY - MARKET,1,USD 8.69,USD 8.70,USD,0.2173
2025-04-02T18:20:14.003878Z,,CASH TOP-UP,,,EUR 49,EUR,0.2012
2025-04-02T18:20:50.251Z,PUM,BUY - MARKET,1,EUR 22.95,EUR 22.98,EUR,0.2012
2025-04-02T18:29:28.098Z,PUM,BUY - MARKET,1,EUR 22.95,EUR 22.98,EUR,0.2012
2025-04-02T18:30:19.118Z,LHA,BUY - MARKET,1,EUR 6.67,EUR 6.68,EUR,0.2012
2025-04-03T08:38:38.097807Z,,CASH TOP-UP,,,EUR 21.88,EUR,0.2012
2025-04-03T08:38:41.057Z,PUM,BUY - MARKET,1,EUR 20.82,EUR 20.85,EUR,0.2012
2025-04-03T08:39:05.140586Z,,CASH TOP-UP,,,USD 90,USD,0.2215
2025-04-03T13:35:24.198Z,CLS,BUY - MARKET,1,USD 75.40,USD 75.49,USD,0.2230
2025-04-03T13:57:58.417Z,AVPT,BUY - MARKET,1,USD 14.48,USD 14.50,USD,0.2231
2025-04-03T14:02:32.534737Z,,CASH TOP-UP,,,USD 25,USD,0.2231
2025-04-03T14:03:00.755Z,BTDR,BUY - MARKET,1,USD 8.90,USD 8.91,USD,0.2231
2025-04-03T14:09:54.877739Z,,CASH TOP-UP,,,USD 12,USD,0.2232
2025-04-03T15:29:25.719060Z,,CASH TOP-UP,,,USD 38.30,USD,0.2228
2025-04-03T15:31:29.716027Z,,CASH TOP-UP,,,USD 3,USD,0.2229
2025-04-03T15:31:55.380Z,CLS,BUY - MARKET,1,USD 70.34,USD 70.42,USD,0.2229
2025-04-04T04:24:50.030837Z,,CASH TOP-UP,,,USD 2.50,USD,0.2234
2025-04-04T10:45:54Z,OMV,SELL - STOP,24,EUR 42.82,EUR 1026.45,EUR,0.2013
2025-04-04T10:49:44.814Z,BNP,SELL - STOP,10,EUR 66.98,EUR 669,EUR,0.2013
2025-04-04T11:47:00.221Z,F5D,BUY - MARKET,4,EUR 49.84,EUR 200.40,EUR,0.2013
2025-04-04T11:47:30.816Z,RCF,BUY - MARKET,4,EUR 83.52,EUR 335.82,EUR,0.2013
2025-04-04T11:51:52.402Z,IFX,BUY - MARKET,10,EUR 25.90,EUR 259.31,EUR,0.2013
2025-04-04T11:52:27.419Z,LHA,BUY - MARKET,10,EUR 5.92,EUR 59.31,EUR,0.2013
2025-04-04T11:53:31.536Z,1TY,BUY - MARKET,10,EUR 39.06,EUR 391.07,EUR,0.2013
2025-04-04T11:57:39.312Z,DHL,BUY - MARKET,10,EUR 35.28,EUR 353.22,EUR,0.2013
2025-04-04T11:58:35.479Z,1WE,BUY - MARKET,3,EUR 28.54,EUR 86.06,EUR,0.2013
2025-04-04T11:59:01.135Z,AFR0,BUY - MARKET,1,EUR 7.54,EUR 7.58,EUR,0.2013
2025-04-04T12:57:39.237901Z,,CASH TOP-UP,,,USD 17.31,USD,0.2217
2025-04-04T13:00:43.399594Z,,CASH TOP-UP,,,USD 4,USD,0.2217
2025-04-04T13:01:56.210820Z,,CASH TOP-UP,,,USD 2,USD,0.2219
2025-04-04T13:41:43.374Z,CIVI,BUY - MARKET,1,USD 25.67,USD 25.70,USD,0.2219
2025-04-04T14:14:01.579Z,BG,SELL - MARKET,1,USD 74.35,USD 74.24,USD,0.2215
2025-04-04T14:21:43.073Z,CLS,BUY - MARKET,1,USD 60.31,USD 60.38,USD,0.2214
2025-04-04T14:35:06.669Z,BTDR,BUY - MARKET,1,USD 7.63,USD 7.64,USD,0.2210
2025-04-04T14:35:49.963Z,RIOT,BUY - MARKET,1,USD 6.69,USD 6.70,USD,0.2210
2025-04-04T16:46:06.711Z,BG,SELL - MARKET,2,USD 73.40,USD 146.60,USD,0.2208
2025-04-04T16:49:23.132Z,DELL,BUY - MARKET,1,USD 71.78,USD 71.87,USD,0.2206
2025-04-04T16:56:11.454Z,CLS,BUY - MARKET,1,USD 62.76,USD 62.83,USD,0.2208
2025-04-04T16:57:51.955Z,AVPT,BUY - MARKET,1,USD 13.44,USD 13.46,USD,0.2206
2025-04-07T07:56:39.546070Z,,CASH TOP-UP,,,EUR 500,EUR,0.2012
2025-04-07T07:57:00.523474Z,,CASH TOP-UP,,,USD 220,USD,0.2214
2025-04-07T07:59:58.256Z,1TY,BUY - MARKET,2,EUR 35.86,EUR 71.82,EUR,0.2012
2025-04-07T08:00:32.436Z,RCF,BUY - MARKET,1,EUR 80.26,EUR 80.68,EUR,0.2012
2025-04-07T08:00:42.612Z,DHL,BUY - MARKET,2,EUR 32.92,EUR 65.92,EUR,0.2012
2025-04-07T08:01:07.260Z,F5D,BUY - MARKET,1,EUR 46.14,EUR 46.38,EUR,0.2012
2025-04-07T08:01:30.736Z,IFX,BUY - MARKET,2,EUR 23.99,EUR 48.04,EUR,0.2012
2025-04-07T08:02:11.423Z,OMV,BUY - MARKET,2,EUR 41.40,EUR 82.90,EUR,0.2012
2025-04-07T08:03:30.389Z,LHA,BUY - MARKET,5,EUR 5.66,EUR 28.31,EUR,0.2012
2025-04-07T08:04:00.896Z,QSV,BUY - MARKET,1,EUR 27.96,EUR 28.10,EUR,0.2012
2025-04-07T08:04:17.014Z,1WE,BUY - MARKET,1,EUR 27.84,EUR 27.98,EUR,0.2012
2025-04-07T08:04:51.183091Z,,CASH TOP-UP,,,EUR 30.77,EUR,0.2012
2025-04-07T08:04:53.456Z,VVD,BUY - MARKET,1,EUR 29.17,EUR 29.33,EUR,0.2012
2025-04-07T13:45:52.101959Z,,CASH TOP-UP,,,USD 41,USD,0.2205
2025-04-07T13:46:54.324Z,DELL,BUY - MARKET,1,USD 67.47,USD 67.55,USD,0.2205
2025-04-07T13:47:31.099Z,CLS,BUY - MARKET,1,USD 65.06,USD 65.14,USD,0.2203
2025-04-07T13:49:50.885Z,AVPT,BUY - MARKET,2,USD 12.84,USD 25.70,USD,0.2202
2025-04-07T13:50:11.553Z,CIVI,BUY - MARKET,1,USD 23.78,USD 23.81,USD,0.2202
2025-04-07T18:43:01.999325Z,,CASH TOP-UP,,,EUR 4,EUR,0.2012
2025-04-07T18:43:33.945Z,QSV,BUY - MARKET,1,EUR 28.49,EUR 28.63,EUR,0.2012
2025-04-09T06:11:09.638624Z,,CASH TOP-UP,,,EUR 119.03,EUR,0.2013
2025-04-09T06:33:33.057554Z,,CASH TOP-UP,,,EUR 10,EUR,0.2013
2025-04-09T08:18:30.551Z,BNP,BUY - MARKET,1,EUR 64.42,EUR 64.76,EUR,0.2012
2025-04-09T08:19:04.908Z,1TY,BUY - MARKET,1,EUR 36.69,EUR 36.73,EUR,0.2012
2025-04-09T10:01:33.926600Z,,CASH TOP-UP,,,EUR 40,EUR,0.2012
2025-04-09T10:09:17.522Z,BNP,BUY - MARKET,1,EUR 64.07,EUR 64.41,EUR,0.2012
2025-04-09T13:42:47.202Z,DELL,BUY - MARKET,1,USD 73.77,USD 73.86,USD,0.2226
2025-04-09T13:43:26.301Z,RUN,BUY - MARKET,1,USD 5.58,USD 5.59,USD,0.2225
2025-04-09T14:58:38.056486Z,,CASH TOP-UP,,,EUR 350,EUR,0.2013
2025-04-09T14:58:54.592164Z,,CASH TOP-UP,,,USD 200,USD,0.2221
2025-04-09T15:08:00.526Z,F5D,BUY - MARKET,1,EUR 43.98,EUR 44.21,EUR,0.2013
2025-04-09T15:08:21.360Z,1TY,BUY - MARKET,2,EUR 35.72,EUR 71.52,EUR,0.2013
2025-04-09T15:08:39.178Z,RCF,BUY - MARKET,1,EUR 82.82,EUR 83.25,EUR,0.2013
2025-04-09T15:08:55.081Z,DHL,BUY - MARKET,2,EUR 32.85,EUR 65.78,EUR,0.2013
2025-04-09T15:11:10.004Z,1WE,BUY - MARKET,1,EUR 29.06,EUR 29.21,EUR,0.2013
2025-04-09T15:11:31.066Z,IFX,BUY - MARKET,1,EUR 24.56,EUR 24.59,EUR,0.2014
2025-04-09T15:17:36.191Z,QSV,BUY - MARKET,1,EUR 28.65,EUR 28.79,EUR,0.2013
2025-04-09T15:18:20.519Z,INTC,BUY - MARKET,3,USD 18.96,USD 56.95,USD,0.2226
2025-04-09T15:18:46.592Z,SMCI,BUY - MARKET,2,USD 32.26,USD 64.59,USD,0.2226
2025-04-09T15:19:17.209Z,RIOT,BUY - MARKET,2,USD 6.58,USD 13.18,USD,0.2226
2025-04-09T15:19:37.165Z,AVPT,BUY - MARKET,2,USD 13.57,USD 27.17,USD,0.2226
2025-04-09T15:19:51.435Z,BTDR,BUY - MARKET,2,USD 7.18,USD 14.38,USD,0.2227
2025-04-09T15:20:48.792743Z,,CASH TOP-UP,,,USD 190,USD,0.2226
2025-04-09T15:21:05.207Z,CIVI,BUY - MARKET,1,USD 25.23,USD 25.26,USD,0.2226
2025-04-09T15:22:41.367Z,TSM,BUY - MARKET,1,USD 140.07,USD 140.24,USD,0.2226
2025-04-09T15:23:54.394216Z,,CASH TOP-UP,,,USD 250,USD,0.2226
2025-04-09T15:24:22.327Z,TSM,BUY - MARKET,1,USD 140.36,USD 140.53,USD,0.2226
2025-04-09T15:24:42.878Z,CLS,BUY - MARKET,2,USD 71.24,USD 142.64,USD,0.2225
2025-04-09T15:25:11.833412Z,,CASH TOP-UP,,,USD 65,USD,0.2225
2025-04-09T15:25:40.690Z,DELL,BUY - MARKET,1,USD 72.57,USD 72.66,USD,0.2225
2025-04-09T15:26:05.345Z,BTDR,BUY - MARKET,1,USD 7.15,USD 7.16,USD,0.2225
2025-04-09T15:26:33.262862Z,,CASH TOP-UP,,,EUR 140,EUR,0.2013
2025-04-09T15:26:54.182Z,BNP,BUY - MARKET,2,EUR 63.72,EUR 128.10,EUR,0.2013
2025-04-09T15:27:15.936Z,LHA,BUY - MARKET,3,EUR 5.82,EUR 17.47,EUR,0.2013
2025-04-09T17:10:42.694021Z,,CASH TOP-UP,,,EUR 153.96,EUR,0.2013
2025-04-09T17:10:44.207Z,VACD,BUY - MARKET,10,EUR 14.70,EUR 147.82,EUR,0.2013
2025-04-09T17:11:25.061824Z,,CASH TOP-UP,,,EUR 37.52,EUR,0.2013
2025-04-09T17:11:27.508Z,1TY,BUY - MARKET,1,EUR 35.79,EUR 35.83,EUR,0.2013
2025-04-09T18:17:35.129725Z,,CASH TOP-UP,,,EUR 8,EUR,0.2013
2025-04-09T18:18:58.413880Z,,CASH TOP-UP,,,EUR 5,EUR,0.2013
2025-04-09T18:19:38.422Z,VACD,BUY - MARKET,1,EUR 15.85,EUR 15.93,EUR,0.2013
2025-04-10T17:30:00.553726Z,,CASH TOP-UP,,,USD 200,USD,0.2250
2025-04-10T17:33:14.717881Z,,CASH WITHDRAWAL,,,USD -200,USD,0.2251
2025-04-10T18:01:39.064915Z,,CASH TOP-UP,,,USD 200,USD,0.2256
2025-04-10T18:03:39.678Z,SMCI,BUY - MARKET,2,USD 34.11,USD 68.30,USD,0.2255
2025-04-10T18:03:59.764Z,DAL,BUY - MARKET,1,USD 40.30,USD 40.35,USD,0.2255
2025-04-10T18:04:16.750Z,CLS,BUY - MARKET,1,USD 79.29,USD 79.38,USD,0.2255
2025-04-10T18:04:49.190Z,BTDR,BUY - MARKET,1,USD 7.59,USD 7.60,USD,0.2255
2025-04-10T18:05:21.920308Z,,CASH TOP-UP,,,USD 1.50,USD,0.2255
2025-04-10T18:05:35.709Z,RUN,BUY - MARKET,1,USD 6.14,USD 6.15,USD,0.2254
2025-04-10T18:26:54.131Z,LHA,BUY - MARKET,1,EUR 6.03,EUR 6.04,EUR,0.2012
2025-04-11T10:30:07.271142Z,,CASH TOP-UP,,,EUR 31.12,EUR,0.2012
2025-04-11T10:30:08.993Z,LHA,BUY - MARKET,5,EUR 5.92,EUR 29.64,EUR,0.2012
2025-04-11T10:37:40.377215Z,,CASH TOP-UP,,,EUR 27.31,EUR,0.2012
2025-04-11T10:37:41.820Z,IFX,BUY - MARKET,1,EUR 25.99,EUR 26.02,EUR,0.2012
2025-04-11T10:50:10.312939Z,,CASH TOP-UP,,,EUR 31.11,EUR,0.2012
2025-04-11T10:50:11.898Z,QSV,BUY - MARKET,1,EUR 29.48,EUR 29.64,EUR,0.2012
2025-04-11T10:53:16.836806Z,,CASH TOP-UP,,,EUR 32,EUR,0.2012
2025-04-11T11:03:42.998892Z,,CASH TOP-UP,,,EUR 40,EUR,0.2012
2025-04-11T12:22:13.652353Z,,CASH TOP-UP,,,USD 160,USD,0.2283
2025-04-11T12:52:55.435Z,BNP,BUY - MARKET,1,EUR 65.40,EUR 65.74,EUR,0.2012
2025-04-11T12:53:48.838Z,AFR0,BUY - MARKET,1,EUR 7.35,EUR 7.39,EUR,0.2012
2025-04-11T12:56:39.615045Z,,CASH TOP-UP,,,EUR 3,EUR,0.2012
2025-04-11T12:57:00.010Z,LHA,BUY - MARKET,1,EUR 5.89,EUR 5.90,EUR,0.2012
2025-04-11T13:36:33.491750Z,,CASH TOP-UP,,,USD 3.31,USD,0.2291
2025-04-11T17:13:27.827958Z,,CASH WITHDRAWAL,,,USD -160,USD,0.2278
2025-04-11T18:25:23.318101Z,,CASH TOP-UP,,,USD 20,USD,0.2277
2025-04-11T18:25:42.423Z,BTDR,BUY - MARKET,1,USD 7.83,USD 7.84,USD,0.2277
2025-04-11T18:26:06.523Z,RIOT,BUY - MARKET,2,USD 6.98,USD 13.98,USD,0.2277
2025-04-11T18:32:39.218382Z,,CASH TOP-UP,,,USD 20,USD,0.2278
2025-04-11T18:32:57.614Z,BTDR,BUY - MARKET,2,USD 7.81,USD 15.64,USD,0.2278
2025-04-11T18:33:49.547253Z,,CASH TOP-UP,,,USD 1.13,USD,0.2278
2025-04-11T18:34:11.190Z,RIOT,BUY - MARKET,1,USD 6.99,USD 7,USD,0.2278
2025-04-11T18:40:03.561039Z,,CASH TOP-UP,,,USD 29,USD,0.2276
2025-04-11T18:40:35.980Z,RIOT,BUY - MARKET,3,USD 7.01,USD 21.05,USD,0.2274
2025-04-11T18:41:05.806Z,BTDR,BUY - MARKET,1,USD 7.82,USD 7.83,USD,0.2275
2025-04-11T18:41:43.568203Z,,CASH TOP-UP,,,USD 10,USD,0.2275
2025-04-11T18:41:55.611416Z,,CASH TOP-UP,,,USD 2,USD,0.2275
2025-04-11T18:42:25.576850Z,,CASH TOP-UP,,,USD 1,USD,0.2275
2025-04-11T18:42:47.566885Z,,CASH TOP-UP,,,USD 0.48,USD,0.2275
2025-04-11T18:42:53.159Z,RIOT,BUY - MARKET,2,USD 6.98,USD 13.98,USD,0.2275
2025-04-14T04:03:17.793597Z,,CASH TOP-UP,,,USD 37.13,USD,0.2289
2025-04-14T13:31:49.255Z,SMCI,BUY - MARKET,1,USD 34.98,USD 34.98,USD,0.2275
2025-04-15T18:17:11.126134Z,,CASH TOP-UP,,,USD 130,USD,0.2268
2025-04-15T18:17:46.942361Z,,CASH TOP-UP,,,USD 25,USD,0.2268
2025-04-15T18:17:56.011812Z,,CASH TOP-UP,,,USD 10,USD,0.2268
2025-04-15T18:20:10.486Z,TSM,BUY - MARKET,1,USD 156.72,USD 156.72,USD,0.2268
2025-04-16T04:47:47.466754Z,,CASH WITHDRAWAL,,,USD -11,USD,0.2283
2025-04-22T18:07:37.766302Z,,CASH TOP-UP,,,USD 51.73,USD,0.2302
2025-04-22T18:07:57.282Z,SMCI,BUY - MARKET,1,USD 30.66,USD 30.66,USD,0.2302
2025-04-22T18:08:56.442255Z,,CASH TOP-UP,,,USD 9,USD,0.2302
2025-04-22T18:09:44.641354Z,,CASH TOP-UP,,,USD 0.50,USD,0.2302
2025-04-22T18:09:50.836Z,CIVI,BUY - MARKET,1,USD 29.23,USD 29.23,USD,0.2302
2025-04-23T18:45:41.139882Z,,CASH TOP-UP,,,EUR 100,EUR,0.2013
2025-04-23T18:46:09.735Z,PUM,BUY - MARKET,1,EUR 22.89,EUR 22.89,EUR,0.2013
2025-04-23T18:47:38.904Z,VACD,BUY - MARKET,1,EUR 16,EUR 16.06,EUR,0.2013
2025-04-23T18:49:01.832Z,F5D,BUY - MARKET,1,EUR 51.05,EUR 51.25,EUR,0.2013
2025-04-23T18:53:28.509Z,LHA,BUY - MARKET,1,EUR 6.45,EUR 6.45,EUR,0.2013
2025-04-25T05:25:59.895504Z,,CASH TOP-UP,,,EUR 3,EUR,0.2013
2025-04-25T11:22:05.177390Z,,CASH TOP-UP,,,EUR 22,EUR,0.2012
2025-04-25T11:27:01.263420Z,,CASH TOP-UP,,,EUR 0.18,EUR,0.2012
2025-04-25T11:27:11.402Z,QSV,BUY - MARKET,1,EUR 27.85,EUR 27.96,EUR,0.2012
2025-05-05T11:02:14.979461Z,DELL,DIVIDEND,,,USD 2.36,USD,0.2285
2025-05-06T16:17:36.596214Z,RWE,DIVIDEND,,,EUR 15.38,EUR,0.1968
2025-05-06T18:52:54.140388Z,,CASH TOP-UP,,,EUR 0.33,EUR,0.1966
2025-05-06T18:53:31.237334Z,,CASH TOP-UP,,,EUR 0.30,EUR,0.1966
2025-05-06T18:53:49.339Z,VACD,BUY - MARKET,1,EUR 16.28,EUR 16.35,EUR,0.1966
2025-05-07T15:50:48.863587Z,DHL,DIVIDEND,,,EUR 19.06,EUR,0.1957
2025-05-12T15:30:08.350760Z,LHA,DIVIDEND,,,EUR 35.56,EUR,0.1964
2025-05-13T14:59:32.875409Z,RNL,DIVIDEND,,,EUR 14.85,EUR,0.1962
2025-05-14T15:03:17.842571Z,VVD,DIVIDEND,,,EUR 12.60,EUR,0.1962
2025-05-19T09:45:15.637Z,1WE,BUY - MARKET,1,EUR 32.42,EUR 32.55,EUR,0.1991
2025-05-19T09:45:51.667Z,QSV,BUY - MARKET,1,EUR 26.93,EUR 27.04,EUR,0.1991
2025-05-19T10:24:23.473Z,VACD,BUY - MARKET,1,EUR 16.99,EUR 17.06,EUR,0.1990
2025-05-20T07:36:37.706617Z,,CASH TOP-UP,,,EUR 3.60,EUR,0.1984
2025-05-21T17:21:58.422943Z,BNP,DIVIDEND,,,EUR 17.96,EUR,0.1976
2025-05-21T20:28:47.627337Z,,CASH TOP-UP,,,EUR 15,EUR,0.1976
2025-05-22T07:31:46.827365Z,,CASH TOP-UP,,,EUR 4,EUR,0.1976
2025-05-22T07:32:21.507848Z,,CASH TOP-UP,,,EUR 1.97,EUR,0.1976
2025-05-22T07:32:48.020850Z,,CASH TOP-UP,,,EUR 0.50,EUR,0.1976
2025-05-22T07:32:53.921Z,OMV,BUY - MARKET,1,EUR 46.66,EUR 46.66,EUR,0.1976
2025-05-23T13:31:43.993Z,SMCI,SELL - STOP,16,USD 39.46,USD 631.27,USD,0.2246
2025-05-23T14:40:30.821Z,TTE,BUY - MARKET,5,USD 57.48,USD 288.50,USD,0.2247
2025-05-23T14:42:14.933Z,AVPT,BUY - MARKET,2,USD 18.14,USD 36.28,USD,0.2248
2025-05-23T14:48:29.692631Z,,CASH TOP-UP,,,USD 2,USD,0.2249
2025-05-23T15:00:25.002238Z,,CASH TOP-UP,,,USD 10,USD,0.2250
2025-05-24T11:20:20.276105Z,,CASH TOP-UP,,,EUR 12,EUR,0.1986
2025-05-24T14:59:38.838375Z,,CASH TOP-UP,,,EUR 2,EUR,0.1986
2025-05-26T07:55:19.468551Z,,CASH TOP-UP,,,EUR 12.50,EUR,0.1982
2025-05-26T15:29:37.844559Z,PUM,DIVIDEND,,,EUR 2.69,EUR,0.1978
2025-05-27T13:37:03.478019Z,,CASH TOP-UP,,,USD 1,USD,0.2252
2025-05-27T15:29:15.778519Z,NJB,DIVIDEND,,,EUR 0.21,EUR,0.1980
2025-05-27T15:56:57.635555Z,,CASH TOP-UP,,,EUR 10,EUR,0.1983
2025-05-27T19:49:26.533948Z,,CASH TOP-UP,,,EUR 10,EUR,0.1981
2025-05-27T19:49:37.615739Z,,CASH TOP-UP,,,USD 10,USD,0.2247
2025-05-28T14:00:50.182997Z,RCF,DIVIDEND,,,EUR 18.90,EUR,0.1983
2025-05-28T17:09:25.929Z,PEP,BUY - MARKET,2,USD 131.56,USD 263.12,USD,0.2242
2025-05-28T17:10:24.484Z,TTE,BUY - MARKET,1,USD 58.53,USD 58.53,USD,0.2242
2025-05-29T15:51:50.582894Z,VACD,DIVIDEND,,,EUR 15.75,EUR,0.1982
2025-06-02T15:45:24.615875Z,,CASH TOP-UP,,,USD 4.50,USD,0.2265
2025-06-02T15:45:41.557173Z,,CASH TOP-UP,,,EUR 4,EUR,0.1980
2025-06-03T14:10:06.127934Z,BG,DIVIDEND,,,USD 3.50,USD,0.2253
2025-06-03T14:51:53.017382Z,,CASH TOP-UP,,,USD 4.37,USD,0.2257
2025-06-03T14:52:08.039888Z,,CASH TOP-UP,,,EUR 2.12,EUR,0.1981
2025-06-03T16:08:27.229802Z,1WE,DIVIDEND,,,EUR 16.91,EUR,0.1981
2025-06-03T19:09:18.188909Z,,CASH TOP-UP,,,USD 2.96,USD,0.2255
2025-06-04T06:09:32.116Z,OMV,BUY - MARKET,1,EUR 44.52,EUR 44.52,EUR,0.1981
2025-06-04T06:49:01.723Z,OMV,BUY - MARKET,1,EUR 43.68,EUR 43.68,EUR,0.1981
2025-06-04T07:11:15.349571Z,,CASH TOP-UP,,,EUR 1,EUR,0.1982
2025-06-04T14:41:04.088165Z,DAL,DIVIDEND,,,USD 2.83,USD,0.2267
2025-06-05T06:35:48.151832Z,,CASH TOP-UP,,,EUR 12.35,EUR,0.1983
2025-06-05T06:35:59.836726Z,,CASH TOP-UP,,,USD 10,USD,0.2264
2025-06-06T10:25:11.194110Z,,CASH TOP-UP,,,EUR 2,EUR,0.1987
2025-06-06T10:25:24.216678Z,,CASH TOP-UP,,,USD 1.20,USD,0.2270
2025-06-09T04:57:50.391542Z,,CASH TOP-UP,,,EUR 3,EUR,0.1991
2025-06-09T04:58:01.232455Z,,CASH TOP-UP,,,USD 3,USD,0.2274
2025-06-10T05:19:11.188430Z,,CASH TOP-UP,,,EUR 1,EUR,0.1989
2025-06-10T06:32:51.029147Z,,CASH TOP-UP,,,EUR 10,EUR,0.1988
2025-06-10T06:33:00.460588Z,,CASH TOP-UP,,,USD 16,USD,0.2269
2025-06-10T15:29:12.145178Z,,CASH TOP-UP,,,EUR 10,EUR,0.1990
2025-06-10T15:29:29.230055Z,,CASH TOP-UP,,,USD 10,USD,0.2274
2025-06-10T18:05:59.055342Z,,CASH TOP-UP,,,USD 10,USD,0.2276
2025-06-10T18:06:08.984437Z,,CASH TOP-UP,,,EUR 9,EUR,0.1992
2025-06-11T19:49:31.259907Z,OMV,DIVIDEND,,,EUR 10.40,EUR,0.1994
2025-06-13T15:06:12.800468Z,QSV,DIVIDEND,,,EUR 14.52,EUR,0.1992
2025-06-14T10:11:26.273536Z,,CASH TOP-UP,,,USD 5,USD,0.2308
2025-06-14T10:11:49.681788Z,,CASH TOP-UP,,,EUR 12,EUR,0.2001
2025-06-15T13:07:08.493540Z,,CASH TOP-UP,,,EUR 3.08,EUR,0.2003
2025-06-15T13:07:20.150995Z,,CASH TOP-UP,,,USD 4,USD,0.2308
2025-06-16T06:29:19.232Z,LHA,BUY - MARKET,3,EUR 6.87,EUR 20.62,EUR,0.1994
2025-06-16T14:18:27.642861Z,,CASH TOP-UP,,,EUR 2,EUR,0.1996
2025-06-16T14:41:31.363Z,RNL,BUY - MARKET,1,EUR 39.53,EUR 39.69,EUR,0.1996
2025-06-16T14:59:38.625220Z,,CASH TOP-UP,,,EUR 3,EUR,0.1996
2025-06-16T14:59:49.305853Z,,CASH TOP-UP,,,USD 2.10,USD,0.2315
2025-06-18T13:44:18.136590Z,,CASH TOP-UP,,,EUR 33,EUR,0.1992
2025-06-18T13:44:59.664545Z,,CASH TOP-UP,,,EUR 0.75,EUR,0.1992
2025-06-18T13:45:06.703Z,RCF,BUY - MARKET,1,EUR 83.96,EUR 84.30,EUR,0.1992
2025-06-18T13:56:34.375Z,TTE,BUY - MARKET,1,USD 62.33,USD 62.33,USD,0.2291
2025-06-18T13:59:23.589563Z,,CASH TOP-UP,,,EUR 110,EUR,0.1992
2025-06-18T14:00:45.929Z,RCF,BUY - MARKET,1,EUR 81.40,EUR 81.73,EUR,0.1992
2025-06-18T14:15:54.068Z,QSV,BUY - MARKET,1,EUR 24.97,EUR 25.07,EUR,0.1992
2025-06-20T09:58:59.675505Z,,CASH WITHDRAWAL,,,USD -28,USD,0.2289
2025-06-20T09:59:48.148366Z,,CASH TOP-UP,,,EUR 24,EUR,0.1985
2025-06-20T10:00:16.441569Z,,CASH TOP-UP,,,EUR 55,EUR,0.1985
2025-06-20T10:11:26.232Z,RCF,BUY - MARKET,1,EUR 76.82,EUR 77.13,EUR,0.1985
2025-06-21T13:42:32.184351Z,,CASH WITHDRAWAL,,,EUR -9,EUR,0.1996
2025-06-26T15:34:25.818961Z,,CASH TOP-UP,,,EUR 5,EUR,0.1975
2025-06-26T15:34:41.129510Z,,CASH TOP-UP,,,USD 5,USD,0.2314
2025-06-27T05:30:41.349720Z,,CASH TOP-UP,,,EUR 3,EUR,0.1975
2025-06-27T05:31:01.047459Z,,CASH TOP-UP,,,USD 3.50,USD,0.2310
2025-06-27T10:05:26.718503Z,CIVI,DIVIDEND,,,USD 6.30,USD,0.2313
2025-06-27T10:37:28.593558Z,,CASH TOP-UP,,,USD 4,USD,0.2311
2025-07-01T08:22:34.817619Z,F5D,DIVIDEND,,,EUR 13.05,EUR,0.1974
2025-07-01T19:00:32.928405Z,PEP,DIVIDEND,,,USD 2.56,USD,0.2329
2025-07-03T04:18:28.334560Z,,CASH TOP-UP,,,EUR 1,EUR,0.1979
2025-07-04T15:20:57.785006Z,,CASH TOP-UP,,,EUR 2,EUR,0.1981
2025-07-04T15:21:05.994977Z,,CASH TOP-UP,,,USD 1,USD,0.2334
2025-07-05T18:05:16.879579Z,,CASH TOP-UP,,,EUR 2,EUR,0.1985
2025-07-05T18:05:28.119572Z,,CASH TOP-UP,,,USD 2,USD,0.2337
2025-07-06T07:22:16.547672Z,,CASH TOP-UP,,,USD 2,USD,0.2337
2025-07-06T07:22:25.134866Z,,CASH TOP-UP,,,EUR 1,EUR,0.1985
2025-07-07T13:47:50.955204Z,,CASH TOP-UP,,,USD 100,USD,0.2323
2025-07-07T14:03:52.628261Z,,CASH TOP-UP,,,EUR 25.79,EUR,0.1978
2025-07-07T18:02:47.932Z,BG,BUY - MARKET,1,USD 75.82,USD 75.82,USD,0.2318
2025-07-08T08:57:19.781708Z,,CASH WITHDRAWAL,,,EUR -10,EUR,0.1977
2025-07-08T15:14:42.030057Z,,CASH TOP-UP,,,EUR 20,EUR,0.1973
2025-07-08T15:14:51.548723Z,,CASH TOP-UP,,,USD 15,USD,0.2311
2025-07-08T19:27:55.999865Z,,CASH WITHDRAWAL,,,EUR -50,EUR,0.1974
2025-07-09T14:26:41.989578Z,,CASH TOP-UP,,,USD 4,USD,0.2316
2025-07-09T14:26:50.850376Z,,CASH TOP-UP,,,USD 6.98,USD,0.2316
2025-07-09T14:27:54.622014Z,,CASH TOP-UP,,,USD 2.50,USD,0.2316
2025-07-09T14:36:49.166Z,BG,BUY - MARKET,1,USD 74.80,USD 74.80,USD,0.2316
2025-07-10T04:11:24.707830Z,,CASH TOP-UP,,,EUR 50,EUR,0.1973
2025-07-10T04:11:34.895097Z,,CASH TOP-UP,,,USD 30,USD,0.2317
2025-07-10T14:43:57.794Z,CLS,SELL - STOP,2,USD 152.90,USD 305.80,USD,0.2304
2025-07-10T15:27:01.361637Z,F5D,DIVIDEND,,,EUR 7.09,EUR,0.1972
2025-07-11T10:46:50.661457Z,TSM,DIVIDEND,,,USD 1.84,USD,0.2308
2025-07-11T16:09:48.747209Z,,CASH TOP-UP,,,EUR 28,EUR,0.1972
2025-07-11T16:26:33.412663Z,,CASH TOP-UP,,,EUR 25,EUR,0.1972
2025-07-13T05:13:24.000866Z,,CASH TOP-UP,,,EUR 1,EUR,0.1977
2025-07-14T09:41:20.897532Z,TTE,DIVIDEND,,,USD 4.43,USD,0.2307
2025-07-14T14:14:17.279Z,BG,BUY - MARKET,1,USD 75.73,USD 75.73,USD,0.2307
2025-07-14T17:57:49.911784Z,,CASH TOP-UP,,,USD 1,USD,0.2303
2025-07-14T17:58:01.240868Z,,CASH TOP-UP,,,EUR 1,EUR,0.1973
2025-07-15T15:59:11.867Z,MRK,BUY - MARKET,2,USD 81.43,USD 162.86,USD,0.2294
2025-07-15T16:00:48.287Z,BG,BUY - MARKET,1,USD 74.93,USD 74.93,USD,0.2295
2025-07-15T16:01:37.915Z,CIVI,BUY - MARKET,1,USD 29.07,USD 29.07,USD,0.2295
2025-07-16T06:50:19.300Z,OMV,BUY - MARKET,0.981,EUR 46.28,EUR 45.40,EUR,0.1974
2025-07-16T07:09:44.311Z,RNL,BUY - MARKET,1,EUR 35.50,EUR 35.64,EUR,0.1974
2025-07-16T07:18:24.724Z,DHL,BUY - MARKET,1,EUR 38.59,EUR 38.59,EUR,0.1974
2025-07-16T07:26:06.109335Z,,CASH TOP-UP,,,EUR 72.11,EUR,0.1974
2025-07-16T07:26:10.148Z,RNL,BUY - MARKET,2,EUR 34.29,EUR 68.85,EUR,0.1974
2025-07-16T14:02:16.699430Z,,CASH TOP-UP,,,USD 23,USD,0.2288
2025-07-16T15:12:32.455138Z,,CASH TOP-UP,,,USD 99,USD,0.2299
2025-07-16T15:16:56.257424Z,,CASH TOP-UP,,,USD 2.50,USD,0.2306
2025-07-16T15:42:48.063Z,DELL,BUY - MARKET,1,USD 121.49,USD 121.49,USD,0.2314
2025-07-17T19:35:40.146642Z,,CASH TOP-UP,,,USD 1,USD,0.2292
2025-07-17T19:35:50.367623Z,,CASH TOP-UP,,,EUR 1.10,EUR,0.1975
2025-07-17T21:40:14.961476Z,,CASH TOP-UP,,,USD 10,USD,0.2293
2025-07-17T21:40:25.939902Z,,CASH TOP-UP,,,EUR 6,EUR,0.1975
2025-07-19T16:33:07.304033Z,,CASH TOP-UP,,,EUR 1,EUR,0.1979
2025-07-19T16:33:22.978012Z,,CASH TOP-UP,,,USD 1.70,USD,0.2300
2025-07-21T13:10:40.141215Z,,CASH TOP-UP,,,EUR 1,EUR,0.1976
2025-07-21T13:10:52.882739Z,,CASH TOP-UP,,,USD 1.10,USD,0.2307
2025-07-21T17:55:05.712450Z,,CASH TOP-UP,,,EUR 1,EUR,0.1976
2025-07-21T17:55:17.836563Z,,CASH TOP-UP,,,USD 1,USD,0.2313
2025-07-23T03:54:01.631040Z,,CASH TOP-UP,,,EUR 173,EUR,0.1977
2025-07-23T04:09:38.703181Z,,CASH TOP-UP,,,EUR 100,EUR,0.1977
2025-07-23T10:18:31.199500Z,,CASH WITHDRAWAL,,,EUR -91,EUR,0.1976
2025-07-23T12:28:38.176279Z,,CASH TOP-UP,,,USD 120,USD,0.2320
2025-07-23T15:39:49.545Z,6TVM,BUY - MARKET,1.80050414,EUR 55.54,EUR 100,EUR,0.1976
2025-07-23T15:47:52.854Z,VECP,BUY - MARKET,1.01720293,EUR 49.15,EUR 50,EUR,0.1976
2025-07-23T15:54:23.142821Z,,CASH TOP-UP,,,EUR 18.57,EUR,0.1976
2025-07-23T15:55:13.588Z,AACA,BUY - MARKET,2,EUR 31.98,EUR 63.96,EUR,0.1976
2025-07-23T18:33:19.937902Z,,CASH TOP-UP,,,EUR 3,EUR,0.1976
2025-07-23T18:33:29.653975Z,,CASH TOP-UP,,,USD 2,USD,0.2328
2025-07-23T18:35:09.644662Z,,CASH TOP-UP,,,EUR 50,EUR,0.1976
2025-07-23T18:35:36.832Z,VECP,BUY - MARKET,1.01632626,EUR 49.20,EUR 50,EUR,0.1976
2025-07-24T06:25:46.496223Z,,CASH TOP-UP,,,EUR 95.48,EUR,0.1976
2025-07-24T06:25:48.766Z,AACA,BUY - MARKET,3,EUR 30.16,EUR 91.46,EUR,0.1976
2025-07-24T06:30:15.666530Z,,CASH TOP-UP,,,EUR 24.52,EUR,0.1976
2025-07-24T07:09:07.710Z,NJB,SELL - MARKET,11,EUR 4.08,EUR 43.86,EUR,0.1976
2025-07-24T07:11:34.008371Z,,CASH TOP-UP,,,EUR 37.04,EUR,0.1976
2025-07-24T07:18:28.143Z,AACA,BUY - MARKET,4,EUR 27.74,EUR 111.94,EUR,0.1976
2025-07-26T06:06:58.157322Z,,CASH TOP-UP,,,EUR 1,EUR,0.1983
2025-07-26T06:07:20.230439Z,,CASH TOP-UP,,,USD 1.50,USD,0.2326
2025-07-28T04:24:00.864025Z,,CASH TOP-UP,,,EUR 3,EUR,0.1980
2025-07-28T04:24:09.161315Z,,CASH TOP-UP,,,USD 2,USD,0.2328
2025-07-29T13:57:28.631371Z,,CASH TOP-UP,,,USD 5,USD,0.2281
2025-07-29T13:58:45.936957Z,,CASH TOP-UP,,,USD 5.50,USD,0.2281
2025-07-29T13:59:58.690095Z,,CASH TOP-UP,,,USD 4,USD,0.2281
2025-07-29T14:15:12.061Z,MRK,BUY - MARKET,1.5,USD 80,USD 121.13,USD,0.2278
2025-07-29T14:37:49.309797Z,,CASH WITHDRAWAL,,,USD -42,USD,0.2280
2025-07-31T05:50:03.363586Z,,CASH TOP-UP,,,EUR 2,EUR,0.1974
2025-07-31T05:50:11.779832Z,,CASH TOP-UP,,,USD 1,USD,0.2260
2025-08-01T07:58:07.696835Z,,CASH TOP-UP,,,EUR 150,EUR,0.1974
2025-08-01T08:27:17.611Z,RCF,BUY - MARKET,2,EUR 73.02,EUR 147.60,EUR,0.1974
2025-08-01T08:28:38.681837Z,,CASH TOP-UP,,,EUR 52.51,EUR,0.1974
2025-08-01T08:28:39.957Z,QSV,BUY - MARKET,2,EUR 24.45,EUR 50.08,EUR,0.1974
2025-08-01T11:15:20.860502Z,,CASH TOP-UP,,,EUR 60,EUR,0.1975
2025-08-01T11:15:57.163Z,PRAZ,BUY - MARKET,2.25333977,EUR 31.07,EUR 70,EUR,0.1975
2025-08-01T11:18:53.201032Z,,CASH TOP-UP,,,EUR 100,EUR,0.1975
2025-08-01T11:19:13.730Z,VECP,BUY - MARKET,2.04549592,EUR 48.89,EUR 100,EUR,0.1975
2025-08-01T11:20:26.632430Z,,CASH TOP-UP,,,EUR 125,EUR,0.1975
2025-08-01T11:20:41.540662Z,,CASH TOP-UP,,,USD 115,USD,0.2258
2025-08-01T11:21:23.049Z,6TVM,BUY - MARKET,1.23609394,EUR 56.63,EUR 70,EUR,0.1975
2025-08-01T11:33:59.378Z,LHA,BUY - MARKET,6,EUR 7.33,EUR 44.94,EUR,0.1974
2025-08-01T11:37:17.362530Z,,CASH TOP-UP,,,USD 100,USD,0.2255
2025-08-01T11:37:30.854948Z,,CASH TOP-UP,,,EUR 105,EUR,0.1974
2025-08-01T11:57:54.130Z,RWE,BUY - MARKET,2,EUR 35.91,EUR 72.80,EUR,0.1974
2025-08-01T11:59:13.685651Z,,CASH TOP-UP,,,EUR 120,EUR,0.1974
2025-08-01T11:59:32.762Z,1TY,BUY - MARKET,2,EUR 48.68,EUR 98.33,EUR,0.1974
2025-08-01T12:01:24.271153Z,,CASH TOP-UP,,,USD 50,USD,0.2254
2025-08-01T12:38:32.062068Z,DELL,DIVIDEND,,,USD 2.83,USD,0.2277
2025-08-01T13:40:28.187Z,MRK,BUY - MARKET,1.5,USD 79.50,USD 120.39,USD,0.2287
2025-08-01T13:47:13.686Z,AFR0,SELL - MARKET,26,EUR 11.16,EUR 289.31,EUR,0.1975
2025-08-01T13:55:01.621Z,BNP,BUY - MARKET,3,EUR 76.46,EUR 231.28,EUR,0.1975
2025-08-01T13:56:55.440Z,VVD,BUY - MARKET,3,EUR 29.25,EUR 89.08,EUR,0.1975
2025-08-01T13:57:37.969423Z,,CASH TOP-UP,,,EUR 20.29,EUR,0.1975
2025-08-01T13:57:48.342571Z,,CASH TOP-UP,,,EUR 0.05,EUR,0.1975
2025-08-01T13:57:56.338Z,AACA,BUY - MARKET,2,EUR 28.12,EUR 57.22,EUR,0.1975
2025-08-01T13:58:33.135Z,TTE,BUY - MARKET,2,USD 59.18,USD 119.51,USD,0.2286
2025-08-03T05:23:36.573882Z,,CASH TOP-UP,,,EUR 1.20,EUR,0.1992
2025-08-03T05:23:48.304403Z,,CASH TOP-UP,,,USD 1.80,USD,0.2294
2025-08-04T04:59:07.553718Z,,CASH TOP-UP,,,USD 1.50,USD,0.2289
2025-08-05T04:16:28.664560Z,,CASH TOP-UP,,,EUR 2,EUR,0.1975
2025-08-05T04:16:41.624702Z,,CASH TOP-UP,,,USD 2,USD,0.2285
2025-08-05T04:33:41.182174Z,,CASH TOP-UP,,,EUR 35,EUR,0.1975
2025-08-05T04:33:55.447035Z,,CASH TOP-UP,,,USD 9,USD,0.2285
2025-08-05T12:36:55.421767Z,,CASH TOP-UP,,,EUR 1.50,EUR,0.1974
2025-08-05T12:37:05.976657Z,,CASH TOP-UP,,,USD 2,USD,0.2281
2025-08-06T12:38:04.755243Z,,CASH TOP-UP,,,USD 5,USD,0.2294
2025-08-06T12:38:13.324655Z,,CASH TOP-UP,,,EUR 1.50,EUR,0.1975
2025-08-06T17:50:45.523288Z,,CASH TOP-UP,,,EUR 12,EUR,0.1974
2025-08-06T17:50:56.181337Z,,CASH TOP-UP,,,USD 9,USD,0.2303
2025-08-07T13:54:11.294826Z,,CASH TOP-UP,,,USD 3,USD,0.2303
2025-08-07T13:54:25.791891Z,,CASH TOP-UP,,,EUR 1.50,EUR,0.1975
2025-08-08T18:34:12.077789Z,,CASH TOP-UP,,,EUR 1,EUR,0.1977
2025-08-09T11:09:55.329260Z,,CASH TOP-UP,,,USD 1.50,USD,0.2306
2025-08-09T11:10:09.162407Z,,CASH TOP-UP,,,EUR 1.20,EUR,0.1982
2025-08-10T03:06:26.371306Z,,CASH TOP-UP,,,USD 1.20,USD,0.2306
2025-08-10T03:06:38.230045Z,,CASH TOP-UP,,,EUR 1.10,EUR,0.1982
2025-08-11T04:21:33.885395Z,,CASH TOP-UP,,,EUR 100,EUR,0.1981
2025-08-11T04:21:43.310984Z,,CASH TOP-UP,,,USD 50,USD,0.2315
2025-08-11T04:21:56.414296Z,,CASH TOP-UP,,,EUR 13,EUR,0.1981
2025-08-11T15:36:19.925703Z,VACD,DIVIDEND,,,EUR 0.06,EUR,0.1979
2025-08-11T17:12:47.193648Z,,CASH TOP-UP,,,USD 5,USD,0.2299
2025-08-11T17:12:59.941539Z,,CASH TOP-UP,,,EUR 5,EUR,0.1979
2025-08-13T04:39:19.223950Z,,CASH TOP-UP,,,USD 2,USD,0.2316
2025-08-13T04:39:31.013817Z,,CASH TOP-UP,,,EUR 1.50,EUR,0.1980
2025-08-13T09:49:30.606Z,VECP,BUY - MARKET,1.01943242,EUR 49.05,EUR 50,EUR,0.1979
2025-08-13T09:50:23.430Z,6TVM,BUY - MARKET,1.05801445,EUR 56.71,EUR 60,EUR,0.1979
2025-08-13T09:51:36.071Z,PRAZ,BUY - MARKET,2.18511003,EUR 32.04,EUR 70,EUR,0.1979
2025-08-13T14:34:21.559727Z,QSV,DIVIDEND,,,EUR 0.05,EUR,0.1980
2025-08-14T10:56:49.647419Z,,CASH TOP-UP,,,EUR 3,EUR,0.1979
2025-08-14T10:57:02.657842Z,,CASH TOP-UP,,,USD 3.50,USD,0.2317
2025-08-14T12:43:13.316133Z,,CASH TOP-UP,,,EUR 120,EUR,0.1979
2025-08-14T12:43:38.104Z,RWE,BUY - MARKET,2,EUR 34.28,EUR 68.56,EUR,0.1979
2025-08-14T12:44:34.482346Z,,CASH WITHDRAWAL,,,USD -30,USD,0.2314
2025-08-14T12:45:18.856230Z,,CASH TOP-UP,,,EUR 25.62,EUR,0.1979
2025-08-14T12:45:50.569Z,RCF,BUY - MARKET,1,EUR 69.92,EUR 70.20,EUR,0.1979
2025-08-14T13:30:08.636157Z,,CASH TOP-UP,,,EUR 15,EUR,0.1979
2025-08-14T13:34:12.620Z,BG,BUY - MARKET,1,USD 82.74,USD 82.74,USD,0.2309
2025-08-14T14:06:07.824Z,RUN,SELL - MARKET,9,USD 10.81,USD 97.29,USD,0.2307
2025-08-14T14:09:18.405003Z,,CASH TOP-UP,,,USD 25,USD,0.2307
2025-08-14T14:10:19.458064Z,,CASH TOP-UP,,,USD 35,USD,0.2307
2025-08-14T14:13:24.331Z,,CASH TOP-UP,,,USD 10,USD,0.2308
2025-08-14T14:13:47.497857Z,,CASH TOP-UP,,,EUR 39,EUR,0.1979
2025-08-14T14:34:00.159Z,ARE,BUY - MARKET,2,USD 73.90,USD 147.80,USD,0.2312
2025-08-14T14:40:21.865Z,VECP,BUY - MARKET,0.91,EUR 49.05,EUR 44.64,EUR,0.1979
2025-08-14T15:08:54.021709Z,,CASH TOP-UP,,,EUR 15,EUR,0.1980
2025-08-14T15:25:57.553404Z,,CASH TOP-UP,,,USD 15,USD,0.2310
2025-08-14T16:27:16.263383Z,,CASH TOP-UP,,,USD 100,USD,0.2307
2025-08-14T16:27:30.812756Z,,CASH TOP-UP,,,EUR 32,EUR,0.1979
2025-08-14T16:32:37.048Z,AVPT,BUY - MARKET,2,USD 14.65,USD 29.30,USD,0.2306
2025-08-14T16:33:30.110Z,RIOT,BUY - MARKET,2,USD 11.45,USD 22.90,USD,0.2306
2025-08-14T16:36:08.194Z,MRK,BUY - MARKET,1,USD 82.74,USD 82.74,USD,0.2307
2025-08-15T13:04:19.569Z,1WE,BUY - MARKET,2,EUR 27.92,EUR 56.06,EUR,0.1979
2025-08-20T06:37:53.557387Z,,CASH TOP-UP,,,EUR 70,EUR,0.1981
2025-08-20T06:38:11.084700Z,,CASH TOP-UP,,,USD 11,USD,0.2308
2025-08-20T06:38:34.896Z,PUM,BUY - MARKET,4,EUR 18,EUR 72.98,EUR,0.1981
2025-08-20T06:40:29.013097Z,,CASH TOP-UP,,,EUR 10,EUR,0.1981
2025-08-20T06:40:39.719931Z,,CASH TOP-UP,,,USD 10,USD,0.2307
2025-08-20T09:59:26.991101Z,,CASH TOP-UP,,,EUR 2.50,EUR,0.1980
2025-08-20T13:50:18.911Z,CLS,SELL - MARKET,2,USD 176.48,USD 351.81,USD,0.2313
2025-08-20T13:56:23.207191Z,,CASH TOP-UP,,,USD 100,USD,0.2312
2025-08-20T13:56:33.278860Z,,CASH TOP-UP,,,EUR 12,EUR,0.1981
2025-08-20T14:02:48.403Z,TSM,BUY - MARKET,1,USD 225.95,USD 227.10,USD,0.2312
2025-08-20T14:20:16.388372Z,,CASH TOP-UP,,,EUR 27.90,EUR,0.1981
2025-08-20T14:20:18.301Z,6TVM,BUY - MARKET,1.06685633,EUR 56.24,EUR 60,EUR,0.1981
2025-08-20T14:20:57.738093Z,,CASH TOP-UP,,,USD 60,USD,0.2312
2025-08-20T15:08:09.009Z,DELL,BUY - MARKET,1,USD 128.68,USD 129.83,USD,0.2313
2025-08-20T15:08:40.786Z,BG,BUY - MARKET,2,USD 81.89,USD 164.93,USD,0.2313
2025-08-20T15:12:28.052418Z,,CASH TOP-UP,,,USD 145,USD,0.2314
2025-08-20T15:12:49.286Z,ARE,BUY - MARKET,2,USD 77.70,USD 156.54,USD,0.2314
2025-08-21T11:29:56.578594Z,DAL,DIVIDEND,,,USD 3.54,USD,0.2312
2025-08-22T14:47:17.935Z,RIOT,SELL - MARKET,14,USD 13.07,USD 181.84,USD,0.2325
2025-08-22T14:48:11.972809Z,,CASH TOP-UP,,,USD 3.50,USD,0.2325
2025-08-22T14:50:01.641Z,CLS,BUY - MARKET,1,USD 188.59,USD 189.74,USD,0.2325
2025-08-25T16:28:05.986Z,AFR0,SELL - MARKET,15,EUR 14.52,EUR 216.75,EUR,0.1983
2025-08-25T17:25:55.212Z,N4SA,BUY - MARKET,6,EUR 27.80,EUR 167.78,EUR,0.1983
2025-08-26T07:14:05.457535Z,,CASH TOP-UP,,,EUR 100,EUR,0.1982
2025-08-26T07:34:29.988Z,,CASH TOP-UP,,,EUR 8,EUR,0.1982
2025-08-26T07:35:11.582970Z,,CASH TOP-UP,,,EUR 6,EUR,0.1982
2025-08-26T07:44:38.438Z,BNP,BUY - MARKET,2,EUR 75.66,EUR 152.91,EUR,0.1982
2025-08-26T07:52:56.906Z,AFR0,SELL - MARKET,15,EUR 14.10,EUR 210.45,EUR,0.1982
2025-08-26T08:35:06.675Z,GZF,BUY - MARKET,9,EUR 17.93,EUR 163,EUR,0.1983
2025-08-26T08:35:30.664762Z,,CASH TOP-UP,,,EUR 1.07,EUR,0.1983
2025-08-26T08:35:37.265Z,N4SA,BUY - MARKET,2,EUR 27.60,EUR 56.18,EUR,0.1983
2025-08-29T19:18:50.086955Z,,CASH TOP-UP,,,EUR 3,EUR,0.1978
2025-09-02T04:31:18.887135Z,,CASH TOP-UP,,,USD 2,USD,0.2313
2025-09-02T04:31:27.906974Z,,CASH TOP-UP,,,EUR 1.50,EUR,0.1976
2025-09-02T19:01:18.591144Z,,CASH TOP-UP,,,EUR 30,EUR,0.1973
2025-09-02T19:01:29.747123Z,,CASH TOP-UP,,,USD 22,USD,0.2298
2025-09-03T17:29:47.896189Z,BG,DIVIDEND,,,USD 6.30,USD,0.2308
2025-09-03T18:34:42.303891Z,,CASH TOP-UP,,,EUR 1.50,EUR,0.1974
2025-09-03T18:34:52.697878Z,,CASH TOP-UP,,,USD 1.50,USD,0.2306
2025-09-04T14:07:42.740600Z,VECP,DIVIDEND,,,EUR 0.90,EUR,0.1974
2025-09-04T17:25:18.256980Z,,CASH WITHDRAWAL,,,USD -42,USD,0.2301
2025-09-05T07:24:45.883358Z,,CASH TOP-UP,,,USD 42,USD,0.2307
2025-09-07T13:56:50.221378Z,,CASH TOP-UP,,,EUR 2,EUR,0.1985
2025-09-07T13:57:04.873257Z,,CASH TOP-UP,,,USD 1.20,USD,0.2319
2025-09-08T11:37:52.279798Z,,CASH TOP-UP,,,EUR 61,EUR,0.1976
2025-09-10T03:03:12.276341Z,,CASH TOP-UP,,,USD 50,USD,0.2317
2025-09-10T03:03:45.538086Z,,CASH TOP-UP,,,EUR 6,EUR,0.1976
2025-09-12T06:01:13.747966Z,,CASH TOP-UP,,,EUR 2,EUR,0.1976
2025-09-12T06:01:42.721139Z,,CASH TOP-UP,,,USD 2.10,USD,0.2321
2025-09-12T11:41:59.608Z,QSV,BUY - MARKET,3,EUR 20.82,EUR 63.69,EUR,0.1976
2025-09-12T13:15:24.982038Z,,CASH TOP-UP,,,EUR 10,EUR,0.1976
2025-09-12T13:15:36.995680Z,,CASH TOP-UP,,,USD 3,USD,0.2318
2025-09-13T05:22:20.967905Z,,CASH TOP-UP,,,EUR 1,EUR,0.1984
2025-09-13T05:22:31.068719Z,,CASH TOP-UP,,,USD 1,USD,0.2326
2025-09-14T05:51:53.119919Z,,CASH TOP-UP,,,USD 1,USD,0.2326
2025-09-14T05:52:03.684001Z,,CASH TOP-UP,,,EUR 1.40,EUR,0.1985
2025-09-14T08:42:31.441164Z,,CASH TOP-UP,,,USD 5,USD,0.2326
2025-09-14T08:42:39.684775Z,,CASH TOP-UP,,,EUR 3,EUR,0.1985
2025-09-15T06:19:31.492Z,N4SA,BUY - MARKET,2,EUR 25.90,EUR 51.80,EUR,0.1977
2025-09-15T06:24:54.500156Z,,CASH TOP-UP,,,EUR 2.50,EUR,0.1977
2025-09-15T07:25:47.916685Z,,CASH TOP-UP,,,EUR 40,EUR,0.1978
2025-09-15T07:28:39.882Z,VECP,BUY - MARKET,0.9998,EUR 49,EUR 48.99,EUR,0.1978
2025-09-15T13:43:25.282Z,RIOT,SELL - MARKET,4,USD 16.20,USD 64.79,USD,0.2332
2025-09-15T13:43:57.853Z,BTDR,SELL - MARKET,4,USD 16.24,USD 64.96,USD,0.2332
2025-09-15T13:46:04.188Z,ARE,BUY - MARKET,2,USD 85.66,USD 171.32,USD,0.2333
2025-09-15T14:00:00.825763Z,,CASH TOP-UP,,,USD 0.40,USD,0.2331
2025-09-15T14:02:06.905996Z,,CASH TOP-UP,,,USD 11.66,USD,0.2330
2025-09-15T14:02:49.650585Z,,CASH TOP-UP,,,USD 9.22,USD,0.2330
2025-09-15T14:03:16.542681Z,,CASH TOP-UP,,,USD 0.34,USD,0.2330
2025-09-15T14:03:22.291Z,MRK,BUY - MARKET,1,USD 82.01,USD 82.01,USD,0.2330
2025-09-16T04:33:47.160707Z,,CASH TOP-UP,,,EUR 1.50,EUR,0.1980
2025-09-16T04:33:58.277620Z,,CASH TOP-UP,,,USD 2.20,USD,0.2335
2025-09-16T07:47:19.699497Z,,CASH TOP-UP,,,EUR 50.03,EUR,0.1979
2025-09-16T07:48:09.007Z,PRAZ,BUY - MARKET,1,EUR 32.22,EUR 32.22,EUR,0.1979
2025-09-16T07:48:31.943Z,QSV,BUY - MARKET,1,EUR 19.98,EUR 20.06,EUR,0.1979
2025-09-17T04:50:56.681778Z,,CASH TOP-UP,,,USD 3,USD,0.2349
2025-09-17T04:51:09.316684Z,,CASH TOP-UP,,,EUR 1.30,EUR,0.1979
2025-09-17T08:20:55.218781Z,BG,DIVIDEND TAX (CORRECTION),,,USD 0.70,USD,0.2346
2025-09-18T06:12:47.563445Z,,CASH TOP-UP,,,EUR 13,EUR,0.1976
2025-09-18T06:12:59.513562Z,,CASH TOP-UP,,,USD 5.50,USD,0.2332
2025-09-21T06:33:10.806131Z,,CASH TOP-UP,,,USD 1,USD,0.2324
2025-09-21T06:33:20.044492Z,,CASH TOP-UP,,,EUR 1,EUR,0.1980
2025-09-23T14:03:38.143433Z,,CASH TOP-UP,,,EUR 2,EUR,0.1974
2025-09-23T14:03:49.151599Z,,CASH TOP-UP,,,USD 1.20,USD,0.2332
2025-09-23T18:15:20.885421Z,,CASH TOP-UP,,,USD 66.09,USD,0.2336
2025-09-23T18:15:48.824Z,RIOT,SELL - MARKET,5,USD 17.21,USD 86.05,USD,0.2337
2025-09-23T18:17:06.923Z,BG,BUY - MARKET,1,USD 78.59,USD 78.59,USD,0.2336
2025-09-25T11:41:52.965822Z,CIVI,DIVIDEND,,,USD 6.75,USD,0.2322
2025-09-29T04:35:44.599958Z,,CASH TOP-UP,,,EUR 5,EUR,0.1975
2025-09-29T04:35:58.605564Z,,CASH TOP-UP,,,USD 3.30,USD,0.2319
2025-09-30T11:44:13.382356Z,PEP,DIVIDEND,,,USD 2.56,USD,0.2319
2025-09-30T16:21:29.603233Z,BNP,DIVIDEND,,,EUR 19.42,EUR,0.1971
2025-10-01T13:10:06.358335Z,,CASH WITHDRAWAL,,,USD -80,USD,0.2322
2025-10-01T14:08:06.662835Z,VECP,DIVIDEND,,,EUR 0.86,EUR,0.1971
2025-10-01T19:24:47.756492Z,,CASH TOP-UP,,,USD 100,USD,0.2316
2025-10-01T19:24:57.534025Z,,CASH TOP-UP,,,EUR 50,EUR,0.1971
2025-10-02T12:49:16.598874Z,,CASH TOP-UP,,,EUR 5,EUR,0.1971
2025-10-03T04:17:42.033191Z,,CASH TOP-UP,,,EUR 5,EUR,0.1970
2025-10-03T11:42:22.586545Z,,CASH TOP-UP,,,EUR 25,EUR,0.1968
2025-10-03T11:42:32.743164Z,,CASH TOP-UP,,,USD 17,USD,0.2314
2025-10-03T19:52:51.374513Z,,CASH TOP-UP,,,EUR 1.50,EUR,0.1971
2025-10-06T08:55:20.839Z,VVD,BUY - MARKET,2,EUR 28.01,EUR 57.22,EUR,0.1969
2025-10-06T08:55:49.932Z,PRAZ,BUY - MARKET,1.50534397,EUR 33.22,EUR 50,EUR,0.1969
2025-10-06T08:58:06.101610Z,,CASH TOP-UP,,,EUR 12.50,EUR,0.1969
2025-10-06T08:58:52.811015Z,,CASH TOP-UP,,,EUR 7,EUR,0.1969
2025-10-06T08:59:04.743Z,GZF,BUY - MARKET,2,EUR 18.18,EUR 37.48,EUR,0.1969
2025-10-07T01:34:59.659903Z,,CASH TOP-UP,,,EUR 2.25,EUR,0.1968
2025-10-07T16:11:39.639402Z,MRK,DIVIDEND,,,USD 4.37,USD,0.2299
2025-10-08T14:39:07.883Z,RIOT,SELL - MARKET,5,USD 21.74,USD 107.55,USD,0.2292
2025-10-08T14:39:30.843Z,BTDR,SELL - MARKET,3,USD 20.22,USD 59.50,USD,0.2292
2025-10-08T14:47:19.329775Z,,CASH WITHDRAWAL,,,USD -120,USD,0.2292
2025-10-08T14:47:43.522200Z,,CASH TOP-UP,,,EUR 102,EUR,0.1967
2025-10-08T14:47:55.908067Z,,CASH TOP-UP,,,USD 1.01,USD,0.2292
2025-10-08T15:58:34.011340Z,,CASH TOP-UP,,,EUR 5,EUR,0.1967
2025-10-09T15:31:29.508254Z,TSM,DIVIDEND,,,USD 2.59,USD,0.2276
2025-10-09T17:09:05.917815Z,,CASH TOP-UP,,,USD 2.80,USD,0.2277
2025-10-10T03:59:21.940542Z,,CASH TOP-UP,,,EUR 50,EUR,0.1966
2025-10-10T11:39:26.548030Z,,CASH TOP-UP,,,EUR 5,EUR,0.1967
2025-10-10T14:04:11.571Z,VECP,BUY - MARKET,1.02061853,EUR 48.99,EUR 50,EUR,0.1968
2025-10-14T07:51:08.566Z,IFX,BUY - MARKET,1,EUR 32.18,EUR 32.18,EUR,0.1968
2025-10-14T07:52:38.278Z,1WE,BUY - MARKET,1,EUR 27.74,EUR 27.85,EUR,0.1968
2025-10-14T07:53:01.724Z,VACD,BUY - MARKET,1,EUR 16.10,EUR 16.16,EUR,0.1968
2025-10-14T07:53:16.107Z,AACA,BUY - MARKET,1,EUR 27.16,EUR 27.16,EUR,0.1968
2025-10-14T07:54:10.367371Z,,CASH TOP-UP,,,EUR 69,EUR,0.1968
2025-10-14T07:54:28.433Z,BNP,BUY - MARKET,1,EUR 74.68,EUR 74.98,EUR,0.1968
2025-10-14T07:55:48.667795Z,,CASH TOP-UP,,,EUR 58,EUR,0.1968
2025-10-14T07:56:11.016Z,RCF,BUY - MARKET,1,EUR 62.32,EUR 62.57,EUR,0.1968
2025-10-14T13:32:56.937Z,TTE,BUY - MARKET,1,USD 57.70,USD 57.70,USD,0.2282
2025-10-14T13:33:14.086Z,BG,BUY - MARKET,1,USD 80.28,USD 80.28,USD,0.2282
2025-10-14T19:26:30.482939Z,,CASH TOP-UP,,,EUR 35,EUR,0.1968
2025-10-14T19:26:49.110775Z,,CASH TOP-UP,,,USD 17,USD,0.2288
2025-10-15T12:34:16.081877Z,ARE,DIVIDEND,,,USD 7.13,USD,0.2292
2025-10-15T13:40:00.191Z,CLS,SELL - MARKET,2,USD 258.34,USD 516.68,USD,0.2293
2025-10-15T13:49:24.920Z,BTDR,SELL - MARKET,7,USD 26.13,USD 182.93,USD,0.2293
2025-10-15T15:48:37.081Z,AVPT,BUY - MARKET,3,USD 14.48,USD 44.57,USD,0.2296
2025-10-15T15:57:41.513Z,CIVI,BUY - MARKET,2,USD 28.75,USD 58.64,USD,0.2295
2025-10-16T03:08:49.510983Z,,CASH WITHDRAWAL,,,USD -681,USD,0.2301
2025-10-16T03:10:03.023746Z,,CASH TOP-UP,,,EUR 154.75,EUR,0.1969
2025-10-16T03:27:16.804558Z,,CASH TOP-UP,,,EUR 36.50,EUR,0.1969
2025-10-16T07:34:49.290Z,OMV,BUY - MARKET,2,EUR 43.16,EUR 87.30,EUR,0.1970
2025-10-16T07:36:06.774327Z,,CASH TOP-UP,,,EUR 5.50,EUR,0.1970
2025-10-16T07:37:11.873811Z,,CASH TOP-UP,,,EUR 10,EUR,0.1970
2025-10-16T07:37:38.955517Z,,CASH TOP-UP,,,EUR 0.59,EUR,0.1970
2025-10-16T07:37:46.156Z,BNP,BUY - MARKET,2,EUR 76.48,EUR 154.55,EUR,0.1970
2025-10-16T18:38:41.264161Z,,CASH TOP-UP,,,EUR 60.53,EUR,0.1970
2025-10-16T18:39:50.395Z,6TVM,BUY - MARKET,1.02757321,EUR 58.39,EUR 60,EUR,0.1970
2025-10-17T09:25:32.849749Z,,CASH TOP-UP,,,EUR 165,EUR,0.1969
2025-10-17T11:10:42.929Z,AACA,BUY - MARKET,2,EUR 26.92,EUR 54.82,EUR,0.1969
2025-10-17T11:18:48.189Z,N4SA,BUY - MARKET,2,EUR 26.10,EUR 53.18,EUR,0.1969
2025-10-17T11:19:07.505Z,1WE,BUY - MARKET,2,EUR 26.50,EUR 54.19,EUR,0.1969
2025-10-17T11:28:26.160761Z,,CASH TOP-UP,,,EUR 110,EUR,0.1969
2025-10-17T18:06:07.674896Z,,CASH TOP-UP,,,USD 250,USD,0.2301
2025-10-17T18:06:25.129Z,ARE,BUY - MARKET,2,USD 74.62,USD 150.37,USD,0.2301
2025-10-17T18:16:56.767345Z,,CASH WITHDRAWAL,,,USD -99.87,USD,0.2301
2025-10-17T18:17:08.243758Z,,CASH WITHDRAWAL,,,EUR -121,EUR,0.1969
2025-10-19T13:21:37.833208Z,,CASH TOP-UP,,,USD 114.53,USD,0.2297
2025-10-19T13:22:21.373038Z,,CASH TOP-UP,,,EUR 131.13,EUR,0.1974
2025-10-20T08:52:36.820197Z,,CASH TOP-UP,,,EUR 3,EUR,0.1969
2025-10-20T08:53:06.283822Z,,CASH TOP-UP,,,EUR 14.50,EUR,0.1969
2025-10-20T09:04:20.552Z,BNP,BUY - MARKET,2,EUR 70.52,EUR 142.58,EUR,0.1968
2025-10-22T15:51:44.865111Z,TTE,DIVIDEND,,,USD 6.61,USD,0.2292
2025-10-24T05:37:13.098185Z,,CASH TOP-UP,,,EUR 3,EUR,0.1971
2025-10-29T15:09:30.434538Z,VECP,DIVIDEND,,,EUR 0.97,EUR,0.1970
2025-10-29T19:59:48.544710Z,,CASH TOP-UP,,,USD 4.18,USD,0.2288
2025-10-30T13:53:05.064Z,ARE,BUY - MARKET,2,USD 57.20,USD 115.53,USD,0.2283
2025-10-31T11:58:14.096549Z,DELL,DIVIDEND,,,USD 3.30,USD,0.2282
2025-11-03T14:46:19.544Z,AILEQ,SELL - MARKET,160.31156206,USD 0,USD -1.11,USD,0.2270
2025-11-03T20:00:20.053Z,TSM,SELL - MARKET,4,USD 306.26,USD 1221.95,USD,0.2272
2025-11-03T20:01:06.450Z,DELL,SELL - MARKET,7,USD 161.02,USD 1124.30,USD,0.2272
2025-11-03T20:01:47.250Z,CLS,SELL - MARKET,4,USD 346.74,USD 1383.49,USD,0.2273
2025-11-03T20:03:23.217Z,RIOT,SELL - MARKET,60,USD 21.01,USD 1257.52,USD,0.2273
2025-11-03T20:05:55.884Z,BTDR,SELL - MARKET,20,USD 23.32,USD 465.25,USD,0.2273
2025-11-03T20:06:29.463Z,INTC,SELL - MARKET,10.00792028,USD 39.57,USD 394.88,USD,0.2273
2025-11-03T20:07:06.547Z,TTE,SELL - MARKET,10,USD 61.91,USD 617.57,USD,0.2273
2025-11-03T20:07:52.841Z,DAL,SELL - MARKET,21,USD 58.45,USD 1224.43,USD,0.2273
2025-11-03T20:08:34.412Z,PEP,SELL - MARKET,2,USD 143.61,USD 286.08,USD,0.2273
2025-11-03T20:08:52.067Z,AAL,SELL - MARKET,17,USD 13.35,USD 225.83,USD,0.2273
2025-11-03T20:15:51.440Z,MRK,SELL - MARKET,7,USD 82.80,USD 578.17,USD,0.2273
2025-11-04T05:01:39.754081Z,,CASH WITHDRAWAL,,,USD -8791.45,USD,0.2271
2025-11-04T07:31:49.249Z,GZF,SELL - MARKET,11,EUR 20.47,EUR 224.19,EUR,0.1970
2025-11-04T08:19:25.293Z,IFX,SELL - MARKET,15,EUR 33.68,EUR 503.87,EUR,0.1970
2025-11-04T08:20:41.335Z,F5D,SELL - MARKET,7,EUR 54.60,EUR 381.22,EUR,0.1970
2025-11-04T08:21:04.064Z,6TVM,SELL - MARKET,6.189,EUR 60.77,EUR 375.13,EUR,0.1970
2025-11-04T08:22:05.027Z,RWE,SELL - MARKET,23,EUR 42.69,EUR 979.42,EUR,0.1970
2025-11-04T08:22:33.307Z,OMV,SELL - MARKET,8.00106496,EUR 47.32,EUR 377.63,EUR,0.1970
2025-11-04T08:23:17.468Z,VACD,SELL - MARKET,15,EUR 15.93,EUR 237.97,EUR,0.1970
2025-11-04T08:49:10.434Z,1TY,SELL - MARKET,18,EUR 59,EUR 1059.35,EUR,0.1970
2025-11-04T08:53:10.155Z,DHL,SELL - MARKET,15,EUR 39.14,EUR 585.63,EUR,0.1970
2025-11-04T09:27:00.618Z,VVD,SELL - MARKET,17.00763018,EUR 28.28,EUR 479.78,EUR,0.1970
2025-11-04T09:28:08.712Z,1WE,SELL - MARKET,16,EUR 24.98,EUR 398.68,EUR,0.1970
2025-11-04T09:31:10.804Z,QSV,SELL - MARKET,23,EUR 22.95,EUR 526.53,EUR,0.1970
2025-11-04T09:33:11.185Z,BNP,SELL - MARKET,15.00135101,EUR 65.46,EUR 979.54,EUR,0.1969
2025-11-04T09:34:02.578Z,PRAZ,SELL - MARKET,6.94379377,EUR 33.06,EUR 228.58,EUR,0.1969
2025-11-04T09:35:18.605Z,RNL,SELL - MARKET,13.00164131,EUR 33.96,EUR 440.44,EUR,0.1969
2025-11-05T13:46:11.827Z,VECP,SELL - MARKET,8.02887606,EUR 48.98,EUR 392.28,EUR,0.1970
2025-11-05T13:48:38.760Z,N4SA,SELL - MARKET,12,EUR 26,EUR 311.02,EUR,0.1970
2025-11-05T14:48:25.449Z,ARE,SELL - MARKET,10,USD 54.02,USD 538.86,USD,0.2266
2025-11-05T14:59:48.432Z,BG,SELL - MARKET,14,USD 96.37,USD 1345.80,USD,0.2266
2025-11-05T15:02:56.626Z,AACA,SELL - MARKET,14,EUR 26.68,EUR 372.54,EUR,0.1970
2025-11-05T15:57:35.974Z,PUM,SELL - MARKET,10,EUR 16.82,EUR 167.22,EUR,0.1970
2025-11-05T16:51:28.243Z,RCF,SELL - MARKET,13,EUR 61.48,EUR 797.24,EUR,0.1970
2025-11-06T04:40:54.622658Z,,CASH WITHDRAWAL,,,USD -1884,USD,0.2270
2025-11-06T04:41:07.778415Z,,CASH WITHDRAWAL,,,EUR -7788,EUR,0.1970
2025-11-06T12:17:05.145212Z,DAL,DIVIDEND,,,USD 3.54,USD,0.2274
2025-11-07T18:16:57.594Z,SHL,BUY - MARKET,3,EUR 43.90,EUR 131.86,EUR,0.1969
2025-11-07T18:18:04.072Z,1WE,BUY - MARKET,3,EUR 24.82,EUR 74.85,EUR,0.1969
2025-11-07T18:19:10.356Z,QSV,BUY - MARKET,4,EUR 21.13,EUR 84.96,EUR,0.1969
2025-11-07T18:20:09.493Z,AACA,BUY - MARKET,4,EUR 26.18,EUR 104.85,EUR,0.1969
2025-11-07T18:22:03.024Z,GI6A,BUY - MARKET,3,EUR 80.35,EUR 242.30,EUR,0.1969
2025-11-07T18:23:34.155Z,PRAZ,BUY - MARKET,3.7696256,EUR 33.12,EUR 125,EUR,0.1969
2025-11-07T18:28:38.312Z,LHA,BUY - MARKET,4,EUR 7.30,EUR 29.22,EUR,0.1969
2025-11-07T18:32:49.915458Z,,CASH TOP-UP,,,USD 51,USD,0.2282
2025-11-07T18:51:58.066Z,RCF,BUY - MARKET,3,EUR 58.10,EUR 175.21,EUR,0.1969
2025-11-07T18:52:36.916Z,AVPT,BUY - MARKET,2,USD 12,USD 24.02,USD,0.2282
2025-11-07T18:52:53.164Z,CIVI,BUY - MARKET,1,USD 26.70,USD 26.73,USD,0.2282
2025-11-07T19:04:37.113Z,VPK5,BUY - MARKET,4,EUR 37.54,EUR 150.34,EUR,0.1969
2025-11-07T19:06:14.380Z,BNP,BUY - MARKET,3,EUR 66.27,EUR 199.85,EUR,0.1969
2025-11-08T04:51:39.885163Z,,CASH WITHDRAWAL,,,EUR -500,EUR,0.1974
2025-11-10T12:37:50.474Z,N4SA,BUY - MARKET,5,EUR 26.25,EUR 131.41,EUR,0.1970
2025-11-12T10:54:37.565Z,QSV,BUY - MARKET,2,EUR 19.40,EUR 39.02,EUR,0.1970
2025-11-12T13:36:54.098163Z,,CASH TOP-UP,,,EUR 15,EUR,0.1970
2025-11-12T13:37:06.766776Z,,CASH TOP-UP,,,EUR 1.50,EUR,0.1970
2025-11-12T13:38:01.528309Z,,CASH TOP-UP,,,EUR 5.02,EUR,0.1970
2025-11-13T15:30:19.691Z,SHL,BUY - MARKET,1,EUR 43.24,EUR 43.29,EUR,0.1970
2025-11-13T15:31:53.191Z,QSV,BUY - MARKET,1,EUR 20,EUR 20.10,EUR,0.1970
2025-11-18T19:09:20.398179Z,,CASH TOP-UP,,,EUR 6,EUR,0.1969
2025-11-18T19:10:05.134550Z,,CASH TOP-UP,,,EUR 60,EUR,0.1969
2025-11-18T19:10:46.197Z,PRAZ,BUY - MARKET,1,EUR 32.89,EUR 32.89,EUR,0.1969
2025-11-18T19:11:31.374Z,QSV,BUY - MARKET,1,EUR 18.56,EUR 18.63,EUR,0.1969
2025-11-18T19:12:41.695281Z,,CASH TOP-UP,,,EUR 2,EUR,0.1969
2025-11-18T19:13:07.594Z,1WE,BUY - MARKET,1,EUR 23.48,EUR 23.57,EUR,0.1969
2025-11-24T15:48:20.723Z,CIVI,SELL - MARKET,18,USD 27.31,USD 491.54,USD,0.2273
2025-11-25T05:17:06.869349Z,,CASH WITHDRAWAL,,,USD -495,USD,0.2271
2025-12-03T11:32:01.639315Z,,CASH TOP-UP,,,EUR 12,EUR,0.1968
2025-12-03T13:16:28.636340Z,,CASH TOP-UP,,,EUR 1.20,EUR,0.1967
2025-12-03T17:03:03.212080Z,,CASH TOP-UP,,,EUR 5,EUR,0.1967
2025-12-05T11:15:40.233874Z,,CASH TOP-UP,,,EUR 9,EUR,0.1967
2025-12-05T14:52:42.651Z,AVPT,SELL - MARKET,17,USD 13.25,USD 225.29,USD,0.2296
2025-12-05T14:59:37.503627Z,,CASH WITHDRAWAL,,,EUR -29.68,EUR,0.1967
2025-12-05T15:46:29.637076Z,1TY,DIVIDEND,,,EUR 3.60,EUR,0.1967
2025-12-08T16:55:14.459371Z,,CASH WITHDRAWAL,,,USD -200,USD,0.2292
2025-12-08T17:00:25.913940Z,,CASH WITHDRAWAL,,,USD -26.28,USD,0.2292
2025-12-08T17:00:44.641301Z,,CASH TOP-UP,,,EUR 22.50,EUR,0.1969
2025-12-08T19:01:27.825Z,1WE,BUY - MARKET,1,EUR 22.76,EUR 22.85,EUR,0.1969
2025-12-09T16:01:21.614314Z,,CASH TOP-UP,,,EUR 20,EUR,0.1968
2025-12-09T16:01:38.981218Z,,CASH TOP-UP,,,USD 9,USD,0.2293
2025-12-09T16:05:27.697Z,QSV,BUY - MARKET,1,EUR 17.98,EUR 18.05,EUR,0.1968
2025-12-12T14:15:17.296825Z,,CASH TOP-UP,,,EUR 10,EUR,0.1968
2025-12-15T18:34:07.295386Z,,CASH TOP-UP,,,EUR 5,EUR,0.1967
2025-12-15T18:34:16.045935Z,,CASH TOP-UP,,,USD 1,USD,0.2314
2025-12-16T16:54:55.163499Z,,CASH TOP-UP,,,EUR 50,EUR,0.1967
2025-12-16T17:00:48.871Z,QSV,BUY - MARKET,1,EUR 18.70,EUR 18.77,EUR,0.1967
2025-12-16T17:00:59.032Z,PRAZ,BUY - MARKET,1,EUR 34.05,EUR 34.05,EUR,0.1967
2025-12-16T19:21:29.462618Z,,CASH TOP-UP,,,EUR 5,EUR,0.1967
2025-12-16T19:21:53.056790Z,,CASH TOP-UP,,,EUR 5,EUR,0.1967
2025-12-16T19:22:12.648Z,1WE,BUY - MARKET,1,EUR 23.36,EUR 23.45,EUR,0.1967
2025-12-17T11:34:09.773483Z,,CASH TOP-UP,,,EUR 5,EUR,0.1967
2025-12-21T07:37:39.524032Z,,CASH TOP-UP,,,EUR 2,EUR,0.1974
2025-12-22T08:54:38.547158Z,,CASH TOP-UP,,,EUR 10,EUR,0.1969
2025-12-22T08:54:46.105763Z,,CASH TOP-UP,,,USD 1,USD,0.2315
2025-12-22T16:51:42.658386Z,,CASH TOP-UP,,,EUR 10,EUR,0.1969
2025-12-22T17:13:28.157886Z,,CASH WITHDRAWAL,,,EUR -30,EUR,0.1969
2025-12-22T18:05:32.391967Z,,CASH TOP-UP,,,EUR 23,EUR,0.1969
2025-12-24T05:55:30.829703Z,,CASH TOP-UP,,,USD 1,USD,0.2326
2025-12-24T05:55:45.783239Z,,CASH TOP-UP,,,EUR 1.50,EUR,0.1968
2025-12-26T06:32:50.098809Z,,CASH TOP-UP,,,EUR 3,EUR,0.1972
2025-12-26T06:32:58.832026Z,,CASH TOP-UP,,,USD 2,USD,0.2324
2026-01-02T14:51:57.872Z,RIOT,BUY - MARKET,1,USD 13.25,USD 13.25,USD,0.2312
2026-01-02T14:53:44.473Z,N4SA,BUY - MARKET,1,EUR 26.30,EUR 26.30,EUR,0.1968
2026-01-05T05:28:41.405860Z,,CASH TOP-UP,,,EUR 2,EUR,0.1972
2026-01-06T11:14:54.257288Z,,CASH TOP-UP,,,EUR 120,EUR,0.1968
2026-01-06T11:15:10.393019Z,,CASH TOP-UP,,,USD 90,USD,0.2308
2026-01-07T08:57:34.682Z,AACA,BUY - MARKET,1,EUR 29.14,EUR 29.14,EUR,0.1968
2026-01-07T08:57:47.858Z,N4SA,BUY - MARKET,1,EUR 26.55,EUR 26.55,EUR,0.1968
2026-01-07T08:58:04.762Z,QSV,BUY - MARKET,1,EUR 19.29,EUR 19.37,EUR,0.1968
2026-01-07T08:58:39.763Z,PRAZ,BUY - MARKET,1.13362618,EUR 35.29,EUR 40,EUR,0.1968
2026-01-09T02:37:39.638759Z,,CASH TOP-UP,,,EUR 50,EUR,0.1969
2026-01-09T02:37:50.389048Z,,CASH TOP-UP,,,USD 30,USD,0.2297
2026-01-09T02:38:00.425776Z,,CASH TOP-UP,,,EUR 15,EUR,0.1969
2026-01-09T18:47:49.112Z,AACA,BUY - MARKET,1,EUR 29.10,EUR 29.10,EUR,0.1968
2026-01-10T10:08:05.594664Z,,CASH TOP-UP,,,EUR 15,EUR,0.1973
2026-01-12T08:12:11.348773Z,,CASH TOP-UP,,,EUR 2.57,EUR,0.1968
2026-01-12T09:13:55.335Z,N4SA,BUY - MARKET,1,EUR 26,EUR 26,EUR,0.1968
2026-01-12T09:14:08.622Z,AACA,BUY - MARKET,1,EUR 28.76,EUR 28.76,EUR,0.1968
2026-01-12T09:15:12.009034Z,,CASH TOP-UP,,,EUR 17,EUR,0.1968
2026-01-12T09:15:26.981Z,1WE,BUY - MARKET,1,EUR 23.28,EUR 23.37,EUR,0.1968
2026-01-16T08:00:07.300408Z,,CASH TOP-UP,,,EUR 45,EUR,0.1969
2026-01-16T21:21:26.618041Z,,CASH TOP-UP,,,EUR 11.90,EUR,0.1970
2026-01-18T11:12:33.717580Z,,CASH WITHDRAWAL,,,EUR -18,EUR,0.1973
2026-01-18T19:12:53.560217Z,,CASH WITHDRAWAL,,,EUR -40,EUR,0.1974
2026-01-18T19:48:42.912841Z,,CASH TOP-UP,,,EUR 16.30,EUR,0.1974
2026-01-20T14:47:36.859976Z,,CASH TOP-UP,,,EUR 469.80,EUR,0.1967
2026-01-20T14:48:08.490Z,PRAZ,BUY - MARKET,3.57551487,EUR 34.96,EUR 125,EUR,0.1967
2026-01-20T14:48:56.394Z,1TY,BUY - MARKET,2,EUR 51.18,EUR 102.36,EUR,0.1967
2026-01-20T14:49:24.061Z,AHOG,BUY - MARKET,3,EUR 33.03,EUR 99.09,EUR,0.1967
2026-01-20T14:50:42.552Z,N4SA,BUY - MARKET,2,EUR 25,EUR 50,EUR,0.1967
2026-01-20T14:50:59.866Z,SHL,BUY - MARKET,1,EUR 44.61,EUR 44.61,EUR,0.1967
2026-01-20T14:51:27.043Z,1WE,BUY - MARKET,2,EUR 23.54,EUR 47.27,EUR,0.1967
2026-01-20T14:53:02.648754Z,,CASH TOP-UP,,,EUR 62.91,EUR,0.1967
2026-01-20T14:53:04.443Z,6TVM,BUY - MARKET,1,EUR 59.92,EUR 59.92,EUR,0.1967
2026-01-20T14:53:53.447Z,RIOT,BUY - MARKET,3,USD 18.13,USD 54.38,USD,0.2308
2026-01-20T14:57:26.949363Z,,CASH TOP-UP,,,EUR 22.45,EUR,0.1967
2026-01-20T14:58:23.251540Z,,CASH TOP-UP,,,USD 150,USD,0.2308
2026-01-20T14:58:36.501239Z,,CASH TOP-UP,,,EUR 50,EUR,0.1967
2026-01-20T14:59:01.080Z,AACA,BUY - MARKET,2,EUR 29.18,EUR 58.36,EUR,0.1967
2026-01-20T15:01:23.088134Z,,CASH TOP-UP,,,EUR 120,EUR,0.1967
2026-01-20T15:01:40.699Z,GI6A,BUY - MARKET,1,EUR 77.50,EUR 77.81,EUR,0.1967
2026-01-20T15:02:16.024Z,N4SA,BUY - MARKET,2,EUR 24.95,EUR 49.90,EUR,0.1967
2026-01-20T20:21:52.658505Z,,CASH TOP-UP,,,EUR 25,EUR,0.1967
2026-01-21T17:29:18.380871Z,,CASH TOP-UP,,,EUR 1.50,EUR,0.1967
2026-01-21T19:30:18.333Z,RIOT,BUY - MARKET,5,USD 17.47,USD 88.48,USD,0.2301
2026-01-23T12:55:26.022703Z,,CASH TOP-UP,,,EUR 495,EUR,0.1966
2026-01-23T13:18:25.711Z,AHOG,BUY - MARKET,3,EUR 32.82,EUR 99.44,EUR,0.1966
2026-01-23T13:19:15.126Z,QSV,BUY - MARKET,3,EUR 17.54,EUR 53.80,EUR,0.1966
2026-01-23T13:19:30.216Z,1TY,BUY - MARKET,2,EUR 50.24,EUR 101.46,EUR,0.1966
2026-01-23T13:36:29.451Z,A16,BUY - MARKET,3,EUR 60.18,EUR 181.52,EUR,0.1966
2026-01-23T13:38:03.947Z,BNP,BUY - MARKET,1,EUR 88.17,EUR 89.50,EUR,0.1966
2026-01-23T13:39:16.454692Z,,CASH TOP-UP,,,EUR 48,EUR,0.1966
2026-01-23T13:39:46.685Z,N4SA,BUY - MARKET,2,EUR 25.10,EUR 51.18,EUR,0.1966
2026-01-23T19:59:50.376274Z,,CASH TOP-UP,,,EUR 89,EUR,0.1967
2026-01-24T11:01:49.291011Z,,CASH WITHDRAWAL,,,USD -127.89,USD,0.2332
2026-01-26T07:00:03.053Z,SHL,BUY - MARKET,2,EUR 43.36,EUR 87.69,EUR,0.1966
2026-01-30T17:31:25.879894Z,N4SA,DIVIDEND,,,EUR 4.28,EUR,0.1966
2026-01-31T06:00:41.269533Z,,CASH TOP-UP,,,EUR 19.40,EUR,0.1971
2026-02-01T14:25:47.777395Z,,CASH TOP-UP,,,EUR 125,EUR,0.1971
2026-02-02T08:03:51.111Z,1TY,BUY - MARKET,2,EUR 47.64,EUR 96.27,EUR,0.1966
2026-02-02T08:05:53.971Z,6TVM,BUY - MARKET,1.00840336,EUR 59.50,EUR 60,EUR,0.1966
2026-02-03T12:25:58.233300Z,,CASH TOP-UP,,,EUR 12.85,EUR,0.1966
2026-02-04T07:52:07.636258Z,,CASH TOP-UP,,,EUR 10,EUR,0.1966
2026-02-06T05:44:31.263251Z,,CASH TOP-UP,,,EUR 10,EUR,0.1967
2026-02-06T18:34:52.203502Z,,CASH TOP-UP,,,EUR 17,EUR,0.1967
2026-02-07T13:10:33.270350Z,,CASH WITHDRAWAL,,,EUR -63,EUR,0.1972
2026-02-10T06:18:46.478347Z,,CASH TOP-UP,,,USD 20,USD,0.2347
2026-02-10T15:16:10.275226Z,,CASH WITHDRAWAL,,,USD -20,USD,0.2346
2026-02-10T17:05:03.294949Z,,CASH TOP-UP,,,EUR 40.11,EUR,0.1968
2026-02-10T18:32:02.979556Z,SHL,DIVIDEND,,,EUR 5.15,EUR,0.1967
2026-02-10T19:13:20.098219Z,,CASH TOP-UP,,,EUR 28,EUR,0.1967
2026-02-12T05:44:27.840097Z,,CASH TOP-UP,,,EUR 6.12,EUR,0.1968
2026-02-12T17:09:09.915Z,GI6A,BUY - MARKET,1,EUR 75.10,EUR 76.38,EUR,0.1967
2026-02-13T05:22:26.613203Z,,CASH TOP-UP,,,USD 10,USD,0.2338
2026-02-13T05:23:08.878965Z,,CASH WITHDRAWAL,,,USD -10,USD,0.2337
2026-02-14T02:02:26.060418Z,,CASH TOP-UP,,,EUR 1.77,EUR,0.1971
2026-02-15T15:12:10.517473Z,,CASH TOP-UP,,,EUR 1.75,EUR,0.1971
2026-02-18T15:35:08.590301Z,,CASH TOP-UP,,,EUR 500,EUR,0.1967
2026-02-18T16:54:30.344Z,1TY,BUY - MARKET,3,EUR 44.17,EUR 133.48,EUR,0.1966
2026-02-18T16:55:07.375Z,SHL,BUY - MARKET,2,EUR 41.73,EUR 84.44,EUR,0.1966
2026-02-18T17:23:30.197268Z,,CASH TOP-UP,,,EUR 350,EUR,0.1966
2026-02-19T15:05:43.870885Z,,CASH TOP-UP,,,EUR 26.09,EUR,0.1965
